CRITICAL - 2026-05-08 10:08:31 --> Error: Call to undefined function form_open()
[Method: GET, Route: login]
in APPPATH\Views\auth\login.php on line 10.
 1 SYSTEMPATH\View\View.php(240): include()
 2 SYSTEMPATH\View\View.php(243): CodeIgniter\View\View->CodeIgniter\View\{closure}()
 3 SYSTEMPATH\Common.php(1250): CodeIgniter\View\View->render('auth/login', [], true)
 4 APPPATH\Controllers\AuthController.php(10): view('auth/login')
 5 SYSTEMPATH\CodeIgniter.php(951): App\Controllers\AuthController->login()
 6 SYSTEMPATH\CodeIgniter.php(497): CodeIgniter\CodeIgniter->runController(Object(App\Controllers\AuthController))
 7 SYSTEMPATH\CodeIgniter.php(340): CodeIgniter\CodeIgniter->handleRequest(null, Object(Config\Cache), false)
 8 SYSTEMPATH\Boot.php(417): CodeIgniter\CodeIgniter->run()
 9 SYSTEMPATH\Boot.php(68): CodeIgniter\Boot::runCodeIgniter(Object(CodeIgniter\CodeIgniter))
10 FCPATH\index.php(59): CodeIgniter\Boot::bootWeb(Object(Config\Paths))
11 SYSTEMPATH\rewrite.php(44): require_once('C:\\xampp\\htdocs\\malogistics\\malogistics1\\public\\index.php')
CRITICAL - 2026-05-08 10:08:37 --> Error: Call to undefined function form_open()
[Method: GET, Route: login]
in APPPATH\Views\auth\login.php on line 10.
 1 SYSTEMPATH\View\View.php(240): include()
 2 SYSTEMPATH\View\View.php(243): CodeIgniter\View\View->CodeIgniter\View\{closure}()
 3 SYSTEMPATH\Common.php(1250): CodeIgniter\View\View->render('auth/login', [], true)
 4 APPPATH\Controllers\AuthController.php(10): view('auth/login')
 5 SYSTEMPATH\CodeIgniter.php(951): App\Controllers\AuthController->login()
 6 SYSTEMPATH\CodeIgniter.php(497): CodeIgniter\CodeIgniter->runController(Object(App\Controllers\AuthController))
 7 SYSTEMPATH\CodeIgniter.php(340): CodeIgniter\CodeIgniter->handleRequest(null, Object(Config\Cache), false)
 8 SYSTEMPATH\Boot.php(417): CodeIgniter\CodeIgniter->run()
 9 SYSTEMPATH\Boot.php(68): CodeIgniter\Boot::runCodeIgniter(Object(CodeIgniter\CodeIgniter))
10 FCPATH\index.php(59): CodeIgniter\Boot::bootWeb(Object(Config\Paths))
11 SYSTEMPATH\rewrite.php(44): require_once('C:\\xampp\\htdocs\\malogistics\\malogistics1\\public\\index.php')
CRITICAL - 2026-05-08 10:21:15 --> ErrorException: ini_set(): Session ini settings cannot be changed when a session is active
[Method: GET, Route: login]
in SYSTEMPATH\Session\Handlers\FileHandler.php on line 73.
 1 [internal function]: CodeIgniter\Debug\Exceptions->errorHandler(2, 'ini_set(): Session ini settings cannot be changed when a session is active', 'C:\\xampp\\htdocs\\malogistics\\malogistics1\\system\\Session\\Handlers\\FileHandler.php', 73)
 2 SYSTEMPATH\Session\Handlers\FileHandler.php(73): ini_set('session.save_path', 'C:\\xampp\\htdocs\\malogistics\\malogistics1\\writable\\session')
 3 SYSTEMPATH\Config\Services.php(702): CodeIgniter\Session\Handlers\FileHandler->__construct(Object(Config\Session), '::1')
 4 SYSTEMPATH\Config\BaseService.php(325): CodeIgniter\Config\Services::session(Object(Config\Session), false)
 5 SYSTEMPATH\Config\BaseService.php(264): CodeIgniter\Config\BaseService::__callStatic('session', [...])
 6 SYSTEMPATH\Config\Services.php(668): CodeIgniter\Config\BaseService::getSharedInstance('session', null)
 7 SYSTEMPATH\Config\BaseService.php(334): CodeIgniter\Config\Services::session()
 8 APPPATH\Controllers\BaseController.php(55): CodeIgniter\Config\BaseService::__callStatic('session', [])
 9 SYSTEMPATH\CodeIgniter.php(922): App\Controllers\BaseController->initController(Object(CodeIgniter\HTTP\IncomingRequest), Object(CodeIgniter\HTTP\Response), Object(CodeIgniter\Log\Logger))
10 SYSTEMPATH\CodeIgniter.php(488): CodeIgniter\CodeIgniter->createController()
11 SYSTEMPATH\CodeIgniter.php(340): CodeIgniter\CodeIgniter->handleRequest(null, Object(Config\Cache), false)
12 SYSTEMPATH\Boot.php(417): CodeIgniter\CodeIgniter->run()
13 SYSTEMPATH\Boot.php(68): CodeIgniter\Boot::runCodeIgniter(Object(CodeIgniter\CodeIgniter))
14 FCPATH\index.php(59): CodeIgniter\Boot::bootWeb(Object(Config\Paths))
15 SYSTEMPATH\rewrite.php(44): require_once('C:\\xampp\\htdocs\\malogistics\\malogistics1\\public\\index.php')
CRITICAL - 2026-05-08 10:21:19 --> ErrorException: ini_set(): Session ini settings cannot be changed when a session is active
[Method: GET, Route: login]
in SYSTEMPATH\Session\Handlers\FileHandler.php on line 73.
 1 [internal function]: CodeIgniter\Debug\Exceptions->errorHandler(2, 'ini_set(): Session ini settings cannot be changed when a session is active', 'C:\\xampp\\htdocs\\malogistics\\malogistics1\\system\\Session\\Handlers\\FileHandler.php', 73)
 2 SYSTEMPATH\Session\Handlers\FileHandler.php(73): ini_set('session.save_path', 'C:\\xampp\\htdocs\\malogistics\\malogistics1\\writable\\session')
 3 SYSTEMPATH\Config\Services.php(702): CodeIgniter\Session\Handlers\FileHandler->__construct(Object(Config\Session), '::1')
 4 SYSTEMPATH\Config\BaseService.php(325): CodeIgniter\Config\Services::session(Object(Config\Session), false)
 5 SYSTEMPATH\Config\BaseService.php(264): CodeIgniter\Config\BaseService::__callStatic('session', [...])
 6 SYSTEMPATH\Config\Services.php(668): CodeIgniter\Config\BaseService::getSharedInstance('session', null)
 7 SYSTEMPATH\Config\BaseService.php(334): CodeIgniter\Config\Services::session()
 8 APPPATH\Controllers\BaseController.php(55): CodeIgniter\Config\BaseService::__callStatic('session', [])
 9 SYSTEMPATH\CodeIgniter.php(922): App\Controllers\BaseController->initController(Object(CodeIgniter\HTTP\IncomingRequest), Object(CodeIgniter\HTTP\Response), Object(CodeIgniter\Log\Logger))
10 SYSTEMPATH\CodeIgniter.php(488): CodeIgniter\CodeIgniter->createController()
11 SYSTEMPATH\CodeIgniter.php(340): CodeIgniter\CodeIgniter->handleRequest(null, Object(Config\Cache), false)
12 SYSTEMPATH\Boot.php(417): CodeIgniter\CodeIgniter->run()
13 SYSTEMPATH\Boot.php(68): CodeIgniter\Boot::runCodeIgniter(Object(CodeIgniter\CodeIgniter))
14 FCPATH\index.php(59): CodeIgniter\Boot::bootWeb(Object(Config\Paths))
15 SYSTEMPATH\rewrite.php(44): require_once('C:\\xampp\\htdocs\\malogistics\\malogistics1\\public\\index.php')
CRITICAL - 2026-05-08 10:21:22 --> ErrorException: ini_set(): Session ini settings cannot be changed when a session is active
[Method: GET, Route: login]
in SYSTEMPATH\Session\Handlers\FileHandler.php on line 73.
 1 [internal function]: CodeIgniter\Debug\Exceptions->errorHandler(2, 'ini_set(): Session ini settings cannot be changed when a session is active', 'C:\\xampp\\htdocs\\malogistics\\malogistics1\\system\\Session\\Handlers\\FileHandler.php', 73)
 2 SYSTEMPATH\Session\Handlers\FileHandler.php(73): ini_set('session.save_path', 'C:\\xampp\\htdocs\\malogistics\\malogistics1\\writable\\session')
 3 SYSTEMPATH\Config\Services.php(702): CodeIgniter\Session\Handlers\FileHandler->__construct(Object(Config\Session), '::1')
 4 SYSTEMPATH\Config\BaseService.php(325): CodeIgniter\Config\Services::session(Object(Config\Session), false)
 5 SYSTEMPATH\Config\BaseService.php(264): CodeIgniter\Config\BaseService::__callStatic('session', [...])
 6 SYSTEMPATH\Config\Services.php(668): CodeIgniter\Config\BaseService::getSharedInstance('session', null)
 7 SYSTEMPATH\Config\BaseService.php(334): CodeIgniter\Config\Services::session()
 8 APPPATH\Controllers\BaseController.php(55): CodeIgniter\Config\BaseService::__callStatic('session', [])
 9 SYSTEMPATH\CodeIgniter.php(922): App\Controllers\BaseController->initController(Object(CodeIgniter\HTTP\IncomingRequest), Object(CodeIgniter\HTTP\Response), Object(CodeIgniter\Log\Logger))
10 SYSTEMPATH\CodeIgniter.php(488): CodeIgniter\CodeIgniter->createController()
11 SYSTEMPATH\CodeIgniter.php(340): CodeIgniter\CodeIgniter->handleRequest(null, Object(Config\Cache), false)
12 SYSTEMPATH\Boot.php(417): CodeIgniter\CodeIgniter->run()
13 SYSTEMPATH\Boot.php(68): CodeIgniter\Boot::runCodeIgniter(Object(CodeIgniter\CodeIgniter))
14 FCPATH\index.php(59): CodeIgniter\Boot::bootWeb(Object(Config\Paths))
15 SYSTEMPATH\rewrite.php(44): require_once('C:\\xampp\\htdocs\\malogistics\\malogistics1\\public\\index.php')
CRITICAL - 2026-05-08 10:21:28 --> ErrorException: ini_set(): Session ini settings cannot be changed when a session is active
[Method: GET, Route: login]
in SYSTEMPATH\Session\Handlers\FileHandler.php on line 73.
 1 [internal function]: CodeIgniter\Debug\Exceptions->errorHandler(2, 'ini_set(): Session ini settings cannot be changed when a session is active', 'C:\\xampp\\htdocs\\malogistics\\malogistics1\\system\\Session\\Handlers\\FileHandler.php', 73)
 2 SYSTEMPATH\Session\Handlers\FileHandler.php(73): ini_set('session.save_path', 'C:\\xampp\\htdocs\\malogistics\\malogistics1\\writable\\session')
 3 SYSTEMPATH\Config\Services.php(702): CodeIgniter\Session\Handlers\FileHandler->__construct(Object(Config\Session), '::1')
 4 SYSTEMPATH\Config\BaseService.php(325): CodeIgniter\Config\Services::session(Object(Config\Session), false)
 5 SYSTEMPATH\Config\BaseService.php(264): CodeIgniter\Config\BaseService::__callStatic('session', [...])
 6 SYSTEMPATH\Config\Services.php(668): CodeIgniter\Config\BaseService::getSharedInstance('session', null)
 7 SYSTEMPATH\Config\BaseService.php(334): CodeIgniter\Config\Services::session()
 8 APPPATH\Controllers\BaseController.php(55): CodeIgniter\Config\BaseService::__callStatic('session', [])
 9 SYSTEMPATH\CodeIgniter.php(922): App\Controllers\BaseController->initController(Object(CodeIgniter\HTTP\IncomingRequest), Object(CodeIgniter\HTTP\Response), Object(CodeIgniter\Log\Logger))
10 SYSTEMPATH\CodeIgniter.php(488): CodeIgniter\CodeIgniter->createController()
11 SYSTEMPATH\CodeIgniter.php(340): CodeIgniter\CodeIgniter->handleRequest(null, Object(Config\Cache), false)
12 SYSTEMPATH\Boot.php(417): CodeIgniter\CodeIgniter->run()
13 SYSTEMPATH\Boot.php(68): CodeIgniter\Boot::runCodeIgniter(Object(CodeIgniter\CodeIgniter))
14 FCPATH\index.php(59): CodeIgniter\Boot::bootWeb(Object(Config\Paths))
15 SYSTEMPATH\rewrite.php(44): require_once('C:\\xampp\\htdocs\\malogistics\\malogistics1\\public\\index.php')
CRITICAL - 2026-05-08 10:23:19 --> ErrorException: ini_set(): Session ini settings cannot be changed when a session is active
[Method: GET, Route: login]
in SYSTEMPATH\Session\Handlers\FileHandler.php on line 73.
 1 [internal function]: CodeIgniter\Debug\Exceptions->errorHandler(2, 'ini_set(): Session ini settings cannot be changed when a session is active', 'C:\\xampp\\htdocs\\malogistics\\malogistics1\\system\\Session\\Handlers\\FileHandler.php', 73)
 2 SYSTEMPATH\Session\Handlers\FileHandler.php(73): ini_set('session.save_path', 'C:\\xampp\\htdocs\\malogistics\\malogistics1\\writable\\session')
 3 SYSTEMPATH\Config\Services.php(702): CodeIgniter\Session\Handlers\FileHandler->__construct(Object(Config\Session), '::1')
 4 SYSTEMPATH\Config\BaseService.php(325): CodeIgniter\Config\Services::session(Object(Config\Session), false)
 5 SYSTEMPATH\Config\BaseService.php(264): CodeIgniter\Config\BaseService::__callStatic('session', [...])
 6 SYSTEMPATH\Config\Services.php(668): CodeIgniter\Config\BaseService::getSharedInstance('session', null)
 7 SYSTEMPATH\Config\BaseService.php(334): CodeIgniter\Config\Services::session()
 8 APPPATH\Controllers\BaseController.php(55): CodeIgniter\Config\BaseService::__callStatic('session', [])
 9 SYSTEMPATH\CodeIgniter.php(922): App\Controllers\BaseController->initController(Object(CodeIgniter\HTTP\IncomingRequest), Object(CodeIgniter\HTTP\Response), Object(CodeIgniter\Log\Logger))
10 SYSTEMPATH\CodeIgniter.php(488): CodeIgniter\CodeIgniter->createController()
11 SYSTEMPATH\CodeIgniter.php(340): CodeIgniter\CodeIgniter->handleRequest(null, Object(Config\Cache), false)
12 SYSTEMPATH\Boot.php(417): CodeIgniter\CodeIgniter->run()
13 SYSTEMPATH\Boot.php(68): CodeIgniter\Boot::runCodeIgniter(Object(CodeIgniter\CodeIgniter))
14 FCPATH\index.php(59): CodeIgniter\Boot::bootWeb(Object(Config\Paths))
15 SYSTEMPATH\rewrite.php(44): require_once('C:\\xampp\\htdocs\\malogistics\\malogistics1\\public\\index.php')
CRITICAL - 2026-05-08 10:23:21 --> ErrorException: ini_set(): Session ini settings cannot be changed when a session is active
[Method: GET, Route: login]
in SYSTEMPATH\Session\Handlers\FileHandler.php on line 73.
 1 [internal function]: CodeIgniter\Debug\Exceptions->errorHandler(2, 'ini_set(): Session ini settings cannot be changed when a session is active', 'C:\\xampp\\htdocs\\malogistics\\malogistics1\\system\\Session\\Handlers\\FileHandler.php', 73)
 2 SYSTEMPATH\Session\Handlers\FileHandler.php(73): ini_set('session.save_path', 'C:\\xampp\\htdocs\\malogistics\\malogistics1\\writable\\session')
 3 SYSTEMPATH\Config\Services.php(702): CodeIgniter\Session\Handlers\FileHandler->__construct(Object(Config\Session), '::1')
 4 SYSTEMPATH\Config\BaseService.php(325): CodeIgniter\Config\Services::session(Object(Config\Session), false)
 5 SYSTEMPATH\Config\BaseService.php(264): CodeIgniter\Config\BaseService::__callStatic('session', [...])
 6 SYSTEMPATH\Config\Services.php(668): CodeIgniter\Config\BaseService::getSharedInstance('session', null)
 7 SYSTEMPATH\Config\BaseService.php(334): CodeIgniter\Config\Services::session()
 8 APPPATH\Controllers\BaseController.php(55): CodeIgniter\Config\BaseService::__callStatic('session', [])
 9 SYSTEMPATH\CodeIgniter.php(922): App\Controllers\BaseController->initController(Object(CodeIgniter\HTTP\IncomingRequest), Object(CodeIgniter\HTTP\Response), Object(CodeIgniter\Log\Logger))
10 SYSTEMPATH\CodeIgniter.php(488): CodeIgniter\CodeIgniter->createController()
11 SYSTEMPATH\CodeIgniter.php(340): CodeIgniter\CodeIgniter->handleRequest(null, Object(Config\Cache), false)
12 SYSTEMPATH\Boot.php(417): CodeIgniter\CodeIgniter->run()
13 SYSTEMPATH\Boot.php(68): CodeIgniter\Boot::runCodeIgniter(Object(CodeIgniter\CodeIgniter))
14 FCPATH\index.php(59): CodeIgniter\Boot::bootWeb(Object(Config\Paths))
15 SYSTEMPATH\rewrite.php(44): require_once('C:\\xampp\\htdocs\\malogistics\\malogistics1\\public\\index.php')
CRITICAL - 2026-05-08 10:23:21 --> ErrorException: ini_set(): Session ini settings cannot be changed when a session is active
[Method: GET, Route: login]
in SYSTEMPATH\Session\Handlers\FileHandler.php on line 73.
 1 [internal function]: CodeIgniter\Debug\Exceptions->errorHandler(2, 'ini_set(): Session ini settings cannot be changed when a session is active', 'C:\\xampp\\htdocs\\malogistics\\malogistics1\\system\\Session\\Handlers\\FileHandler.php', 73)
 2 SYSTEMPATH\Session\Handlers\FileHandler.php(73): ini_set('session.save_path', 'C:\\xampp\\htdocs\\malogistics\\malogistics1\\writable\\session')
 3 SYSTEMPATH\Config\Services.php(702): CodeIgniter\Session\Handlers\FileHandler->__construct(Object(Config\Session), '::1')
 4 SYSTEMPATH\Config\BaseService.php(325): CodeIgniter\Config\Services::session(Object(Config\Session), false)
 5 SYSTEMPATH\Config\BaseService.php(264): CodeIgniter\Config\BaseService::__callStatic('session', [...])
 6 SYSTEMPATH\Config\Services.php(668): CodeIgniter\Config\BaseService::getSharedInstance('session', null)
 7 SYSTEMPATH\Config\BaseService.php(334): CodeIgniter\Config\Services::session()
 8 APPPATH\Controllers\BaseController.php(55): CodeIgniter\Config\BaseService::__callStatic('session', [])
 9 SYSTEMPATH\CodeIgniter.php(922): App\Controllers\BaseController->initController(Object(CodeIgniter\HTTP\IncomingRequest), Object(CodeIgniter\HTTP\Response), Object(CodeIgniter\Log\Logger))
10 SYSTEMPATH\CodeIgniter.php(488): CodeIgniter\CodeIgniter->createController()
11 SYSTEMPATH\CodeIgniter.php(340): CodeIgniter\CodeIgniter->handleRequest(null, Object(Config\Cache), false)
12 SYSTEMPATH\Boot.php(417): CodeIgniter\CodeIgniter->run()
13 SYSTEMPATH\Boot.php(68): CodeIgniter\Boot::runCodeIgniter(Object(CodeIgniter\CodeIgniter))
14 FCPATH\index.php(59): CodeIgniter\Boot::bootWeb(Object(Config\Paths))
15 SYSTEMPATH\rewrite.php(44): require_once('C:\\xampp\\htdocs\\malogistics\\malogistics1\\public\\index.php')
CRITICAL - 2026-05-08 10:23:24 --> ErrorException: ini_set(): Session ini settings cannot be changed when a session is active
[Method: GET, Route: login]
in SYSTEMPATH\Session\Handlers\FileHandler.php on line 73.
 1 [internal function]: CodeIgniter\Debug\Exceptions->errorHandler(2, 'ini_set(): Session ini settings cannot be changed when a session is active', 'C:\\xampp\\htdocs\\malogistics\\malogistics1\\system\\Session\\Handlers\\FileHandler.php', 73)
 2 SYSTEMPATH\Session\Handlers\FileHandler.php(73): ini_set('session.save_path', 'C:\\xampp\\htdocs\\malogistics\\malogistics1\\writable\\session')
 3 SYSTEMPATH\Config\Services.php(702): CodeIgniter\Session\Handlers\FileHandler->__construct(Object(Config\Session), '::1')
 4 SYSTEMPATH\Config\BaseService.php(325): CodeIgniter\Config\Services::session(Object(Config\Session), false)
 5 SYSTEMPATH\Config\BaseService.php(264): CodeIgniter\Config\BaseService::__callStatic('session', [...])
 6 SYSTEMPATH\Config\Services.php(668): CodeIgniter\Config\BaseService::getSharedInstance('session', null)
 7 SYSTEMPATH\Config\BaseService.php(334): CodeIgniter\Config\Services::session()
 8 APPPATH\Controllers\BaseController.php(55): CodeIgniter\Config\BaseService::__callStatic('session', [])
 9 SYSTEMPATH\CodeIgniter.php(922): App\Controllers\BaseController->initController(Object(CodeIgniter\HTTP\IncomingRequest), Object(CodeIgniter\HTTP\Response), Object(CodeIgniter\Log\Logger))
10 SYSTEMPATH\CodeIgniter.php(488): CodeIgniter\CodeIgniter->createController()
11 SYSTEMPATH\CodeIgniter.php(340): CodeIgniter\CodeIgniter->handleRequest(null, Object(Config\Cache), false)
12 SYSTEMPATH\Boot.php(417): CodeIgniter\CodeIgniter->run()
13 SYSTEMPATH\Boot.php(68): CodeIgniter\Boot::runCodeIgniter(Object(CodeIgniter\CodeIgniter))
14 FCPATH\index.php(59): CodeIgniter\Boot::bootWeb(Object(Config\Paths))
15 SYSTEMPATH\rewrite.php(44): require_once('C:\\xampp\\htdocs\\malogistics\\malogistics1\\public\\index.php')
CRITICAL - 2026-05-08 10:25:03 --> ErrorException: ini_set(): Session ini settings cannot be changed when a session is active
[Method: GET, Route: login]
in SYSTEMPATH\Session\Handlers\FileHandler.php on line 73.
 1 [internal function]: CodeIgniter\Debug\Exceptions->errorHandler(2, 'ini_set(): Session ini settings cannot be changed when a session is active', 'C:\\xampp\\htdocs\\malogistics\\malogistics1\\system\\Session\\Handlers\\FileHandler.php', 73)
 2 SYSTEMPATH\Session\Handlers\FileHandler.php(73): ini_set('session.save_path', 'C:\\xampp\\htdocs\\malogistics\\malogistics1\\writable\\session')
 3 SYSTEMPATH\Config\Services.php(702): CodeIgniter\Session\Handlers\FileHandler->__construct(Object(Config\Session), '::1')
 4 SYSTEMPATH\Config\BaseService.php(325): CodeIgniter\Config\Services::session(Object(Config\Session), false)
 5 SYSTEMPATH\Config\BaseService.php(264): CodeIgniter\Config\BaseService::__callStatic('session', [...])
 6 SYSTEMPATH\Config\Services.php(668): CodeIgniter\Config\BaseService::getSharedInstance('session', null)
 7 SYSTEMPATH\Config\BaseService.php(334): CodeIgniter\Config\Services::session()
 8 APPPATH\Controllers\BaseController.php(55): CodeIgniter\Config\BaseService::__callStatic('session', [])
 9 SYSTEMPATH\CodeIgniter.php(922): App\Controllers\BaseController->initController(Object(CodeIgniter\HTTP\IncomingRequest), Object(CodeIgniter\HTTP\Response), Object(CodeIgniter\Log\Logger))
10 SYSTEMPATH\CodeIgniter.php(488): CodeIgniter\CodeIgniter->createController()
11 SYSTEMPATH\CodeIgniter.php(340): CodeIgniter\CodeIgniter->handleRequest(null, Object(Config\Cache), false)
12 SYSTEMPATH\Boot.php(417): CodeIgniter\CodeIgniter->run()
13 SYSTEMPATH\Boot.php(68): CodeIgniter\Boot::runCodeIgniter(Object(CodeIgniter\CodeIgniter))
14 FCPATH\index.php(59): CodeIgniter\Boot::bootWeb(Object(Config\Paths))
15 SYSTEMPATH\rewrite.php(44): require_once('C:\\xampp\\htdocs\\malogistics\\malogistics1\\public\\index.php')
CRITICAL - 2026-05-08 10:25:57 --> ErrorException: ini_set(): Session ini settings cannot be changed when a session is active
[Method: GET, Route: login]
in SYSTEMPATH\Session\Handlers\FileHandler.php on line 73.
 1 [internal function]: CodeIgniter\Debug\Exceptions->errorHandler(2, 'ini_set(): Session ini settings cannot be changed when a session is active', 'C:\\xampp\\htdocs\\malogistics\\malogistics1\\system\\Session\\Handlers\\FileHandler.php', 73)
 2 SYSTEMPATH\Session\Handlers\FileHandler.php(73): ini_set('session.save_path', 'C:\\xampp\\htdocs\\malogistics\\malogistics1\\writable\\session')
 3 SYSTEMPATH\Config\Services.php(702): CodeIgniter\Session\Handlers\FileHandler->__construct(Object(Config\Session), '::1')
 4 SYSTEMPATH\Config\BaseService.php(325): CodeIgniter\Config\Services::session(Object(Config\Session), false)
 5 SYSTEMPATH\Config\BaseService.php(264): CodeIgniter\Config\BaseService::__callStatic('session', [...])
 6 SYSTEMPATH\Config\Services.php(668): CodeIgniter\Config\BaseService::getSharedInstance('session', null)
 7 SYSTEMPATH\Config\BaseService.php(334): CodeIgniter\Config\Services::session()
 8 APPPATH\Controllers\BaseController.php(55): CodeIgniter\Config\BaseService::__callStatic('session', [])
 9 SYSTEMPATH\CodeIgniter.php(922): App\Controllers\BaseController->initController(Object(CodeIgniter\HTTP\IncomingRequest), Object(CodeIgniter\HTTP\Response), Object(CodeIgniter\Log\Logger))
10 SYSTEMPATH\CodeIgniter.php(488): CodeIgniter\CodeIgniter->createController()
11 SYSTEMPATH\CodeIgniter.php(340): CodeIgniter\CodeIgniter->handleRequest(null, Object(Config\Cache), false)
12 SYSTEMPATH\Boot.php(417): CodeIgniter\CodeIgniter->run()
13 SYSTEMPATH\Boot.php(68): CodeIgniter\Boot::runCodeIgniter(Object(CodeIgniter\CodeIgniter))
14 FCPATH\index.php(59): CodeIgniter\Boot::bootWeb(Object(Config\Paths))
15 SYSTEMPATH\rewrite.php(44): require_once('C:\\xampp\\htdocs\\malogistics\\malogistics1\\public\\index.php')
CRITICAL - 2026-05-08 10:25:58 --> ErrorException: ini_set(): Session ini settings cannot be changed when a session is active
[Method: GET, Route: login]
in SYSTEMPATH\Session\Handlers\FileHandler.php on line 73.
 1 [internal function]: CodeIgniter\Debug\Exceptions->errorHandler(2, 'ini_set(): Session ini settings cannot be changed when a session is active', 'C:\\xampp\\htdocs\\malogistics\\malogistics1\\system\\Session\\Handlers\\FileHandler.php', 73)
 2 SYSTEMPATH\Session\Handlers\FileHandler.php(73): ini_set('session.save_path', 'C:\\xampp\\htdocs\\malogistics\\malogistics1\\writable\\session')
 3 SYSTEMPATH\Config\Services.php(702): CodeIgniter\Session\Handlers\FileHandler->__construct(Object(Config\Session), '::1')
 4 SYSTEMPATH\Config\BaseService.php(325): CodeIgniter\Config\Services::session(Object(Config\Session), false)
 5 SYSTEMPATH\Config\BaseService.php(264): CodeIgniter\Config\BaseService::__callStatic('session', [...])
 6 SYSTEMPATH\Config\Services.php(668): CodeIgniter\Config\BaseService::getSharedInstance('session', null)
 7 SYSTEMPATH\Config\BaseService.php(334): CodeIgniter\Config\Services::session()
 8 APPPATH\Controllers\BaseController.php(55): CodeIgniter\Config\BaseService::__callStatic('session', [])
 9 SYSTEMPATH\CodeIgniter.php(922): App\Controllers\BaseController->initController(Object(CodeIgniter\HTTP\IncomingRequest), Object(CodeIgniter\HTTP\Response), Object(CodeIgniter\Log\Logger))
10 SYSTEMPATH\CodeIgniter.php(488): CodeIgniter\CodeIgniter->createController()
11 SYSTEMPATH\CodeIgniter.php(340): CodeIgniter\CodeIgniter->handleRequest(null, Object(Config\Cache), false)
12 SYSTEMPATH\Boot.php(417): CodeIgniter\CodeIgniter->run()
13 SYSTEMPATH\Boot.php(68): CodeIgniter\Boot::runCodeIgniter(Object(CodeIgniter\CodeIgniter))
14 FCPATH\index.php(59): CodeIgniter\Boot::bootWeb(Object(Config\Paths))
15 SYSTEMPATH\rewrite.php(44): require_once('C:\\xampp\\htdocs\\malogistics\\malogistics1\\public\\index.php')
CRITICAL - 2026-05-08 10:28:58 --> ErrorException: ini_set(): Session ini settings cannot be changed when a session is active
[Method: GET, Route: login]
in SYSTEMPATH\Session\Handlers\FileHandler.php on line 73.
 1 [internal function]: CodeIgniter\Debug\Exceptions->errorHandler(2, 'ini_set(): Session ini settings cannot be changed when a session is active', 'C:\\xampp\\htdocs\\malogistics\\malogistics1\\system\\Session\\Handlers\\FileHandler.php', 73)
 2 SYSTEMPATH\Session\Handlers\FileHandler.php(73): ini_set('session.save_path', 'C:\\xampp\\htdocs\\malogistics\\malogistics1\\writable\\session')
 3 SYSTEMPATH\Config\Services.php(702): CodeIgniter\Session\Handlers\FileHandler->__construct(Object(Config\Session), '::1')
 4 SYSTEMPATH\Config\BaseService.php(325): CodeIgniter\Config\Services::session(Object(Config\Session), false)
 5 SYSTEMPATH\Config\BaseService.php(264): CodeIgniter\Config\BaseService::__callStatic('session', [...])
 6 SYSTEMPATH\Config\Services.php(668): CodeIgniter\Config\BaseService::getSharedInstance('session', null)
 7 SYSTEMPATH\Config\BaseService.php(334): CodeIgniter\Config\Services::session()
 8 APPPATH\Controllers\BaseController.php(55): CodeIgniter\Config\BaseService::__callStatic('session', [])
 9 SYSTEMPATH\CodeIgniter.php(922): App\Controllers\BaseController->initController(Object(CodeIgniter\HTTP\IncomingRequest), Object(CodeIgniter\HTTP\Response), Object(CodeIgniter\Log\Logger))
10 SYSTEMPATH\CodeIgniter.php(488): CodeIgniter\CodeIgniter->createController()
11 SYSTEMPATH\CodeIgniter.php(340): CodeIgniter\CodeIgniter->handleRequest(null, Object(Config\Cache), false)
12 SYSTEMPATH\Boot.php(417): CodeIgniter\CodeIgniter->run()
13 SYSTEMPATH\Boot.php(68): CodeIgniter\Boot::runCodeIgniter(Object(CodeIgniter\CodeIgniter))
14 FCPATH\index.php(59): CodeIgniter\Boot::bootWeb(Object(Config\Paths))
15 SYSTEMPATH\rewrite.php(44): require_once('C:\\xampp\\htdocs\\malogistics\\malogistics1\\public\\index.php')
CRITICAL - 2026-05-08 10:29:20 --> ErrorException: ini_set(): Session ini settings cannot be changed when a session is active
[Method: GET, Route: login]
in SYSTEMPATH\Session\Handlers\FileHandler.php on line 73.
 1 [internal function]: CodeIgniter\Debug\Exceptions->errorHandler(2, 'ini_set(): Session ini settings cannot be changed when a session is active', 'C:\\xampp\\htdocs\\malogistics\\malogistics1\\system\\Session\\Handlers\\FileHandler.php', 73)
 2 SYSTEMPATH\Session\Handlers\FileHandler.php(73): ini_set('session.save_path', 'C:\\xampp\\htdocs\\malogistics\\malogistics1\\writable\\session')
 3 SYSTEMPATH\Config\Services.php(702): CodeIgniter\Session\Handlers\FileHandler->__construct(Object(Config\Session), '::1')
 4 SYSTEMPATH\Config\BaseService.php(325): CodeIgniter\Config\Services::session(Object(Config\Session), false)
 5 SYSTEMPATH\Config\BaseService.php(264): CodeIgniter\Config\BaseService::__callStatic('session', [...])
 6 SYSTEMPATH\Config\Services.php(668): CodeIgniter\Config\BaseService::getSharedInstance('session', null)
 7 SYSTEMPATH\Config\BaseService.php(334): CodeIgniter\Config\Services::session()
 8 APPPATH\Controllers\BaseController.php(55): CodeIgniter\Config\BaseService::__callStatic('session', [])
 9 SYSTEMPATH\CodeIgniter.php(922): App\Controllers\BaseController->initController(Object(CodeIgniter\HTTP\IncomingRequest), Object(CodeIgniter\HTTP\Response), Object(CodeIgniter\Log\Logger))
10 SYSTEMPATH\CodeIgniter.php(488): CodeIgniter\CodeIgniter->createController()
11 SYSTEMPATH\CodeIgniter.php(340): CodeIgniter\CodeIgniter->handleRequest(null, Object(Config\Cache), false)
12 SYSTEMPATH\Boot.php(417): CodeIgniter\CodeIgniter->run()
13 SYSTEMPATH\Boot.php(68): CodeIgniter\Boot::runCodeIgniter(Object(CodeIgniter\CodeIgniter))
14 FCPATH\index.php(59): CodeIgniter\Boot::bootWeb(Object(Config\Paths))
15 SYSTEMPATH\rewrite.php(44): require_once('C:\\xampp\\htdocs\\malogistics\\malogistics1\\public\\index.php')
CRITICAL - 2026-05-08 10:30:23 --> ErrorException: ini_set(): Session ini settings cannot be changed when a session is active
[Method: GET, Route: login]
in SYSTEMPATH\Session\Handlers\FileHandler.php on line 73.
 1 [internal function]: CodeIgniter\Debug\Exceptions->errorHandler(2, 'ini_set(): Session ini settings cannot be changed when a session is active', 'C:\\xampp\\htdocs\\malogistics\\malogistics1\\system\\Session\\Handlers\\FileHandler.php', 73)
 2 SYSTEMPATH\Session\Handlers\FileHandler.php(73): ini_set('session.save_path', 'C:\\xampp\\htdocs\\malogistics\\malogistics1\\writable\\session')
 3 SYSTEMPATH\Config\Services.php(702): CodeIgniter\Session\Handlers\FileHandler->__construct(Object(Config\Session), '::1')
 4 SYSTEMPATH\Config\BaseService.php(325): CodeIgniter\Config\Services::session(Object(Config\Session), false)
 5 SYSTEMPATH\Config\BaseService.php(264): CodeIgniter\Config\BaseService::__callStatic('session', [...])
 6 SYSTEMPATH\Config\Services.php(668): CodeIgniter\Config\BaseService::getSharedInstance('session', null)
 7 SYSTEMPATH\Config\BaseService.php(334): CodeIgniter\Config\Services::session()
 8 APPPATH\Controllers\BaseController.php(55): CodeIgniter\Config\BaseService::__callStatic('session', [])
 9 SYSTEMPATH\CodeIgniter.php(922): App\Controllers\BaseController->initController(Object(CodeIgniter\HTTP\IncomingRequest), Object(CodeIgniter\HTTP\Response), Object(CodeIgniter\Log\Logger))
10 SYSTEMPATH\CodeIgniter.php(488): CodeIgniter\CodeIgniter->createController()
11 SYSTEMPATH\CodeIgniter.php(340): CodeIgniter\CodeIgniter->handleRequest(null, Object(Config\Cache), false)
12 SYSTEMPATH\Boot.php(417): CodeIgniter\CodeIgniter->run()
13 SYSTEMPATH\Boot.php(68): CodeIgniter\Boot::runCodeIgniter(Object(CodeIgniter\CodeIgniter))
14 FCPATH\index.php(59): CodeIgniter\Boot::bootWeb(Object(Config\Paths))
15 SYSTEMPATH\rewrite.php(44): require_once('C:\\xampp\\htdocs\\malogistics\\malogistics1\\public\\index.php')
CRITICAL - 2026-05-08 10:30:23 --> ErrorException: ini_set(): Session ini settings cannot be changed when a session is active
[Method: GET, Route: login]
in SYSTEMPATH\Session\Handlers\FileHandler.php on line 73.
 1 [internal function]: CodeIgniter\Debug\Exceptions->errorHandler(2, 'ini_set(): Session ini settings cannot be changed when a session is active', 'C:\\xampp\\htdocs\\malogistics\\malogistics1\\system\\Session\\Handlers\\FileHandler.php', 73)
 2 SYSTEMPATH\Session\Handlers\FileHandler.php(73): ini_set('session.save_path', 'C:\\xampp\\htdocs\\malogistics\\malogistics1\\writable\\session')
 3 SYSTEMPATH\Config\Services.php(702): CodeIgniter\Session\Handlers\FileHandler->__construct(Object(Config\Session), '::1')
 4 SYSTEMPATH\Config\BaseService.php(325): CodeIgniter\Config\Services::session(Object(Config\Session), false)
 5 SYSTEMPATH\Config\BaseService.php(264): CodeIgniter\Config\BaseService::__callStatic('session', [...])
 6 SYSTEMPATH\Config\Services.php(668): CodeIgniter\Config\BaseService::getSharedInstance('session', null)
 7 SYSTEMPATH\Config\BaseService.php(334): CodeIgniter\Config\Services::session()
 8 APPPATH\Controllers\BaseController.php(55): CodeIgniter\Config\BaseService::__callStatic('session', [])
 9 SYSTEMPATH\CodeIgniter.php(922): App\Controllers\BaseController->initController(Object(CodeIgniter\HTTP\IncomingRequest), Object(CodeIgniter\HTTP\Response), Object(CodeIgniter\Log\Logger))
10 SYSTEMPATH\CodeIgniter.php(488): CodeIgniter\CodeIgniter->createController()
11 SYSTEMPATH\CodeIgniter.php(340): CodeIgniter\CodeIgniter->handleRequest(null, Object(Config\Cache), false)
12 SYSTEMPATH\Boot.php(417): CodeIgniter\CodeIgniter->run()
13 SYSTEMPATH\Boot.php(68): CodeIgniter\Boot::runCodeIgniter(Object(CodeIgniter\CodeIgniter))
14 FCPATH\index.php(59): CodeIgniter\Boot::bootWeb(Object(Config\Paths))
15 SYSTEMPATH\rewrite.php(44): require_once('C:\\xampp\\htdocs\\malogistics\\malogistics1\\public\\index.php')
CRITICAL - 2026-05-08 10:30:24 --> ErrorException: ini_set(): Session ini settings cannot be changed when a session is active
[Method: GET, Route: login]
in SYSTEMPATH\Session\Handlers\FileHandler.php on line 73.
 1 [internal function]: CodeIgniter\Debug\Exceptions->errorHandler(2, 'ini_set(): Session ini settings cannot be changed when a session is active', 'C:\\xampp\\htdocs\\malogistics\\malogistics1\\system\\Session\\Handlers\\FileHandler.php', 73)
 2 SYSTEMPATH\Session\Handlers\FileHandler.php(73): ini_set('session.save_path', 'C:\\xampp\\htdocs\\malogistics\\malogistics1\\writable\\session')
 3 SYSTEMPATH\Config\Services.php(702): CodeIgniter\Session\Handlers\FileHandler->__construct(Object(Config\Session), '::1')
 4 SYSTEMPATH\Config\BaseService.php(325): CodeIgniter\Config\Services::session(Object(Config\Session), false)
 5 SYSTEMPATH\Config\BaseService.php(264): CodeIgniter\Config\BaseService::__callStatic('session', [...])
 6 SYSTEMPATH\Config\Services.php(668): CodeIgniter\Config\BaseService::getSharedInstance('session', null)
 7 SYSTEMPATH\Config\BaseService.php(334): CodeIgniter\Config\Services::session()
 8 APPPATH\Controllers\BaseController.php(55): CodeIgniter\Config\BaseService::__callStatic('session', [])
 9 SYSTEMPATH\CodeIgniter.php(922): App\Controllers\BaseController->initController(Object(CodeIgniter\HTTP\IncomingRequest), Object(CodeIgniter\HTTP\Response), Object(CodeIgniter\Log\Logger))
10 SYSTEMPATH\CodeIgniter.php(488): CodeIgniter\CodeIgniter->createController()
11 SYSTEMPATH\CodeIgniter.php(340): CodeIgniter\CodeIgniter->handleRequest(null, Object(Config\Cache), false)
12 SYSTEMPATH\Boot.php(417): CodeIgniter\CodeIgniter->run()
13 SYSTEMPATH\Boot.php(68): CodeIgniter\Boot::runCodeIgniter(Object(CodeIgniter\CodeIgniter))
14 FCPATH\index.php(59): CodeIgniter\Boot::bootWeb(Object(Config\Paths))
15 SYSTEMPATH\rewrite.php(44): require_once('C:\\xampp\\htdocs\\malogistics\\malogistics1\\public\\index.php')
CRITICAL - 2026-05-08 10:30:24 --> ErrorException: ini_set(): Session ini settings cannot be changed when a session is active
[Method: GET, Route: login]
in SYSTEMPATH\Session\Handlers\FileHandler.php on line 73.
 1 [internal function]: CodeIgniter\Debug\Exceptions->errorHandler(2, 'ini_set(): Session ini settings cannot be changed when a session is active', 'C:\\xampp\\htdocs\\malogistics\\malogistics1\\system\\Session\\Handlers\\FileHandler.php', 73)
 2 SYSTEMPATH\Session\Handlers\FileHandler.php(73): ini_set('session.save_path', 'C:\\xampp\\htdocs\\malogistics\\malogistics1\\writable\\session')
 3 SYSTEMPATH\Config\Services.php(702): CodeIgniter\Session\Handlers\FileHandler->__construct(Object(Config\Session), '::1')
 4 SYSTEMPATH\Config\BaseService.php(325): CodeIgniter\Config\Services::session(Object(Config\Session), false)
 5 SYSTEMPATH\Config\BaseService.php(264): CodeIgniter\Config\BaseService::__callStatic('session', [...])
 6 SYSTEMPATH\Config\Services.php(668): CodeIgniter\Config\BaseService::getSharedInstance('session', null)
 7 SYSTEMPATH\Config\BaseService.php(334): CodeIgniter\Config\Services::session()
 8 APPPATH\Controllers\BaseController.php(55): CodeIgniter\Config\BaseService::__callStatic('session', [])
 9 SYSTEMPATH\CodeIgniter.php(922): App\Controllers\BaseController->initController(Object(CodeIgniter\HTTP\IncomingRequest), Object(CodeIgniter\HTTP\Response), Object(CodeIgniter\Log\Logger))
10 SYSTEMPATH\CodeIgniter.php(488): CodeIgniter\CodeIgniter->createController()
11 SYSTEMPATH\CodeIgniter.php(340): CodeIgniter\CodeIgniter->handleRequest(null, Object(Config\Cache), false)
12 SYSTEMPATH\Boot.php(417): CodeIgniter\CodeIgniter->run()
13 SYSTEMPATH\Boot.php(68): CodeIgniter\Boot::runCodeIgniter(Object(CodeIgniter\CodeIgniter))
14 FCPATH\index.php(59): CodeIgniter\Boot::bootWeb(Object(Config\Paths))
15 SYSTEMPATH\rewrite.php(44): require_once('C:\\xampp\\htdocs\\malogistics\\malogistics1\\public\\index.php')
CRITICAL - 2026-05-08 10:31:50 --> ErrorException: ini_set(): Session ini settings cannot be changed when a session is active
[Method: GET, Route: login]
in SYSTEMPATH\Session\Handlers\FileHandler.php on line 73.
 1 [internal function]: CodeIgniter\Debug\Exceptions->errorHandler(2, 'ini_set(): Session ini settings cannot be changed when a session is active', 'C:\\xampp\\htdocs\\malogistics\\malogistics1\\system\\Session\\Handlers\\FileHandler.php', 73)
 2 SYSTEMPATH\Session\Handlers\FileHandler.php(73): ini_set('session.save_path', 'C:\\xampp\\htdocs\\malogistics\\malogistics1\\writable\\session')
 3 SYSTEMPATH\Config\Services.php(702): CodeIgniter\Session\Handlers\FileHandler->__construct(Object(Config\Session), '::1')
 4 SYSTEMPATH\Config\BaseService.php(325): CodeIgniter\Config\Services::session(Object(Config\Session), false)
 5 SYSTEMPATH\Config\BaseService.php(264): CodeIgniter\Config\BaseService::__callStatic('session', [...])
 6 SYSTEMPATH\Config\Services.php(668): CodeIgniter\Config\BaseService::getSharedInstance('session', null)
 7 SYSTEMPATH\Config\BaseService.php(334): CodeIgniter\Config\Services::session()
 8 APPPATH\Controllers\BaseController.php(55): CodeIgniter\Config\BaseService::__callStatic('session', [])
 9 SYSTEMPATH\CodeIgniter.php(922): App\Controllers\BaseController->initController(Object(CodeIgniter\HTTP\IncomingRequest), Object(CodeIgniter\HTTP\Response), Object(CodeIgniter\Log\Logger))
10 SYSTEMPATH\CodeIgniter.php(488): CodeIgniter\CodeIgniter->createController()
11 SYSTEMPATH\CodeIgniter.php(340): CodeIgniter\CodeIgniter->handleRequest(null, Object(Config\Cache), false)
12 SYSTEMPATH\Boot.php(417): CodeIgniter\CodeIgniter->run()
13 SYSTEMPATH\Boot.php(68): CodeIgniter\Boot::runCodeIgniter(Object(CodeIgniter\CodeIgniter))
14 FCPATH\index.php(59): CodeIgniter\Boot::bootWeb(Object(Config\Paths))
15 SYSTEMPATH\rewrite.php(44): require_once('C:\\xampp\\htdocs\\malogistics\\malogistics1\\public\\index.php')
CRITICAL - 2026-05-08 10:31:53 --> ErrorException: ini_set(): Session ini settings cannot be changed when a session is active
[Method: GET, Route: login]
in SYSTEMPATH\Session\Handlers\FileHandler.php on line 73.
 1 [internal function]: CodeIgniter\Debug\Exceptions->errorHandler(2, 'ini_set(): Session ini settings cannot be changed when a session is active', 'C:\\xampp\\htdocs\\malogistics\\malogistics1\\system\\Session\\Handlers\\FileHandler.php', 73)
 2 SYSTEMPATH\Session\Handlers\FileHandler.php(73): ini_set('session.save_path', 'C:\\xampp\\htdocs\\malogistics\\malogistics1\\writable\\session')
 3 SYSTEMPATH\Config\Services.php(702): CodeIgniter\Session\Handlers\FileHandler->__construct(Object(Config\Session), '::1')
 4 SYSTEMPATH\Config\BaseService.php(325): CodeIgniter\Config\Services::session(Object(Config\Session), false)
 5 SYSTEMPATH\Config\BaseService.php(264): CodeIgniter\Config\BaseService::__callStatic('session', [...])
 6 SYSTEMPATH\Config\Services.php(668): CodeIgniter\Config\BaseService::getSharedInstance('session', null)
 7 SYSTEMPATH\Config\BaseService.php(334): CodeIgniter\Config\Services::session()
 8 APPPATH\Controllers\BaseController.php(55): CodeIgniter\Config\BaseService::__callStatic('session', [])
 9 SYSTEMPATH\CodeIgniter.php(922): App\Controllers\BaseController->initController(Object(CodeIgniter\HTTP\IncomingRequest), Object(CodeIgniter\HTTP\Response), Object(CodeIgniter\Log\Logger))
10 SYSTEMPATH\CodeIgniter.php(488): CodeIgniter\CodeIgniter->createController()
11 SYSTEMPATH\CodeIgniter.php(340): CodeIgniter\CodeIgniter->handleRequest(null, Object(Config\Cache), false)
12 SYSTEMPATH\Boot.php(417): CodeIgniter\CodeIgniter->run()
13 SYSTEMPATH\Boot.php(68): CodeIgniter\Boot::runCodeIgniter(Object(CodeIgniter\CodeIgniter))
14 FCPATH\index.php(59): CodeIgniter\Boot::bootWeb(Object(Config\Paths))
15 SYSTEMPATH\rewrite.php(44): require_once('C:\\xampp\\htdocs\\malogistics\\malogistics1\\public\\index.php')
CRITICAL - 2026-05-08 10:32:18 --> ErrorException: ini_set(): Session ini settings cannot be changed when a session is active
[Method: GET, Route: login]
in SYSTEMPATH\Session\Handlers\FileHandler.php on line 73.
 1 [internal function]: CodeIgniter\Debug\Exceptions->errorHandler(2, 'ini_set(): Session ini settings cannot be changed when a session is active', 'C:\\xampp\\htdocs\\malogistics\\malogistics1\\system\\Session\\Handlers\\FileHandler.php', 73)
 2 SYSTEMPATH\Session\Handlers\FileHandler.php(73): ini_set('session.save_path', 'C:\\xampp\\htdocs\\malogistics\\malogistics1\\writable\\session')
 3 SYSTEMPATH\Config\Services.php(702): CodeIgniter\Session\Handlers\FileHandler->__construct(Object(Config\Session), '::1')
 4 SYSTEMPATH\Config\BaseService.php(325): CodeIgniter\Config\Services::session(Object(Config\Session), false)
 5 SYSTEMPATH\Config\BaseService.php(264): CodeIgniter\Config\BaseService::__callStatic('session', [...])
 6 SYSTEMPATH\Config\Services.php(668): CodeIgniter\Config\BaseService::getSharedInstance('session', null)
 7 SYSTEMPATH\Config\BaseService.php(334): CodeIgniter\Config\Services::session()
 8 APPPATH\Controllers\BaseController.php(55): CodeIgniter\Config\BaseService::__callStatic('session', [])
 9 SYSTEMPATH\CodeIgniter.php(922): App\Controllers\BaseController->initController(Object(CodeIgniter\HTTP\IncomingRequest), Object(CodeIgniter\HTTP\Response), Object(CodeIgniter\Log\Logger))
10 SYSTEMPATH\CodeIgniter.php(488): CodeIgniter\CodeIgniter->createController()
11 SYSTEMPATH\CodeIgniter.php(340): CodeIgniter\CodeIgniter->handleRequest(null, Object(Config\Cache), false)
12 SYSTEMPATH\Boot.php(417): CodeIgniter\CodeIgniter->run()
13 SYSTEMPATH\Boot.php(68): CodeIgniter\Boot::runCodeIgniter(Object(CodeIgniter\CodeIgniter))
14 FCPATH\index.php(59): CodeIgniter\Boot::bootWeb(Object(Config\Paths))
15 SYSTEMPATH\rewrite.php(44): require_once('C:\\xampp\\htdocs\\malogistics\\malogistics1\\public\\index.php')
CRITICAL - 2026-05-08 10:32:19 --> ErrorException: ini_set(): Session ini settings cannot be changed when a session is active
[Method: GET, Route: login]
in SYSTEMPATH\Session\Handlers\FileHandler.php on line 73.
 1 [internal function]: CodeIgniter\Debug\Exceptions->errorHandler(2, 'ini_set(): Session ini settings cannot be changed when a session is active', 'C:\\xampp\\htdocs\\malogistics\\malogistics1\\system\\Session\\Handlers\\FileHandler.php', 73)
 2 SYSTEMPATH\Session\Handlers\FileHandler.php(73): ini_set('session.save_path', 'C:\\xampp\\htdocs\\malogistics\\malogistics1\\writable\\session')
 3 SYSTEMPATH\Config\Services.php(702): CodeIgniter\Session\Handlers\FileHandler->__construct(Object(Config\Session), '::1')
 4 SYSTEMPATH\Config\BaseService.php(325): CodeIgniter\Config\Services::session(Object(Config\Session), false)
 5 SYSTEMPATH\Config\BaseService.php(264): CodeIgniter\Config\BaseService::__callStatic('session', [...])
 6 SYSTEMPATH\Config\Services.php(668): CodeIgniter\Config\BaseService::getSharedInstance('session', null)
 7 SYSTEMPATH\Config\BaseService.php(334): CodeIgniter\Config\Services::session()
 8 APPPATH\Controllers\BaseController.php(55): CodeIgniter\Config\BaseService::__callStatic('session', [])
 9 SYSTEMPATH\CodeIgniter.php(922): App\Controllers\BaseController->initController(Object(CodeIgniter\HTTP\IncomingRequest), Object(CodeIgniter\HTTP\Response), Object(CodeIgniter\Log\Logger))
10 SYSTEMPATH\CodeIgniter.php(488): CodeIgniter\CodeIgniter->createController()
11 SYSTEMPATH\CodeIgniter.php(340): CodeIgniter\CodeIgniter->handleRequest(null, Object(Config\Cache), false)
12 SYSTEMPATH\Boot.php(417): CodeIgniter\CodeIgniter->run()
13 SYSTEMPATH\Boot.php(68): CodeIgniter\Boot::runCodeIgniter(Object(CodeIgniter\CodeIgniter))
14 FCPATH\index.php(59): CodeIgniter\Boot::bootWeb(Object(Config\Paths))
15 SYSTEMPATH\rewrite.php(44): require_once('C:\\xampp\\htdocs\\malogistics\\malogistics1\\public\\index.php')
CRITICAL - 2026-05-08 10:37:00 --> ErrorException: ini_set(): Session ini settings cannot be changed when a session is active
[Method: GET, Route: login]
in SYSTEMPATH\Session\Handlers\FileHandler.php on line 73.
 1 [internal function]: CodeIgniter\Debug\Exceptions->errorHandler(2, 'ini_set(): Session ini settings cannot be changed when a session is active', 'C:\\xampp\\htdocs\\malogistics\\malogistics1\\system\\Session\\Handlers\\FileHandler.php', 73)
 2 SYSTEMPATH\Session\Handlers\FileHandler.php(73): ini_set('session.save_path', 'C:\\xampp\\htdocs\\malogistics\\malogistics1\\writable\\session')
 3 SYSTEMPATH\Config\Services.php(702): CodeIgniter\Session\Handlers\FileHandler->__construct(Object(Config\Session), '::1')
 4 SYSTEMPATH\Config\BaseService.php(325): CodeIgniter\Config\Services::session(Object(Config\Session), false)
 5 SYSTEMPATH\Config\BaseService.php(264): CodeIgniter\Config\BaseService::__callStatic('session', [...])
 6 SYSTEMPATH\Config\Services.php(668): CodeIgniter\Config\BaseService::getSharedInstance('session', null)
 7 SYSTEMPATH\Config\BaseService.php(334): CodeIgniter\Config\Services::session()
 8 APPPATH\Controllers\BaseController.php(55): CodeIgniter\Config\BaseService::__callStatic('session', [])
 9 SYSTEMPATH\CodeIgniter.php(922): App\Controllers\BaseController->initController(Object(CodeIgniter\HTTP\IncomingRequest), Object(CodeIgniter\HTTP\Response), Object(CodeIgniter\Log\Logger))
10 SYSTEMPATH\CodeIgniter.php(488): CodeIgniter\CodeIgniter->createController()
11 SYSTEMPATH\CodeIgniter.php(340): CodeIgniter\CodeIgniter->handleRequest(null, Object(Config\Cache), false)
12 SYSTEMPATH\Boot.php(417): CodeIgniter\CodeIgniter->run()
13 SYSTEMPATH\Boot.php(68): CodeIgniter\Boot::runCodeIgniter(Object(CodeIgniter\CodeIgniter))
14 FCPATH\index.php(59): CodeIgniter\Boot::bootWeb(Object(Config\Paths))
15 SYSTEMPATH\rewrite.php(44): require_once('C:\\xampp\\htdocs\\malogistics\\malogistics1\\public\\index.php')
CRITICAL - 2026-05-08 10:37:04 --> ErrorException: ini_set(): Session ini settings cannot be changed when a session is active
[Method: GET, Route: login]
in SYSTEMPATH\Session\Handlers\FileHandler.php on line 73.
 1 [internal function]: CodeIgniter\Debug\Exceptions->errorHandler(2, 'ini_set(): Session ini settings cannot be changed when a session is active', 'C:\\xampp\\htdocs\\malogistics\\malogistics1\\system\\Session\\Handlers\\FileHandler.php', 73)
 2 SYSTEMPATH\Session\Handlers\FileHandler.php(73): ini_set('session.save_path', 'C:\\xampp\\htdocs\\malogistics\\malogistics1\\writable\\session')
 3 SYSTEMPATH\Config\Services.php(702): CodeIgniter\Session\Handlers\FileHandler->__construct(Object(Config\Session), '::1')
 4 SYSTEMPATH\Config\BaseService.php(325): CodeIgniter\Config\Services::session(Object(Config\Session), false)
 5 SYSTEMPATH\Config\BaseService.php(264): CodeIgniter\Config\BaseService::__callStatic('session', [...])
 6 SYSTEMPATH\Config\Services.php(668): CodeIgniter\Config\BaseService::getSharedInstance('session', null)
 7 SYSTEMPATH\Config\BaseService.php(334): CodeIgniter\Config\Services::session()
 8 APPPATH\Controllers\BaseController.php(55): CodeIgniter\Config\BaseService::__callStatic('session', [])
 9 SYSTEMPATH\CodeIgniter.php(922): App\Controllers\BaseController->initController(Object(CodeIgniter\HTTP\IncomingRequest), Object(CodeIgniter\HTTP\Response), Object(CodeIgniter\Log\Logger))
10 SYSTEMPATH\CodeIgniter.php(488): CodeIgniter\CodeIgniter->createController()
11 SYSTEMPATH\CodeIgniter.php(340): CodeIgniter\CodeIgniter->handleRequest(null, Object(Config\Cache), false)
12 SYSTEMPATH\Boot.php(417): CodeIgniter\CodeIgniter->run()
13 SYSTEMPATH\Boot.php(68): CodeIgniter\Boot::runCodeIgniter(Object(CodeIgniter\CodeIgniter))
14 FCPATH\index.php(59): CodeIgniter\Boot::bootWeb(Object(Config\Paths))
15 SYSTEMPATH\rewrite.php(44): require_once('C:\\xampp\\htdocs\\malogistics\\malogistics1\\public\\index.php')
CRITICAL - 2026-05-08 10:37:06 --> ErrorException: ini_set(): Session ini settings cannot be changed when a session is active
[Method: GET, Route: login]
in SYSTEMPATH\Session\Handlers\FileHandler.php on line 73.
 1 [internal function]: CodeIgniter\Debug\Exceptions->errorHandler(2, 'ini_set(): Session ini settings cannot be changed when a session is active', 'C:\\xampp\\htdocs\\malogistics\\malogistics1\\system\\Session\\Handlers\\FileHandler.php', 73)
 2 SYSTEMPATH\Session\Handlers\FileHandler.php(73): ini_set('session.save_path', 'C:\\xampp\\htdocs\\malogistics\\malogistics1\\writable\\session')
 3 SYSTEMPATH\Config\Services.php(702): CodeIgniter\Session\Handlers\FileHandler->__construct(Object(Config\Session), '::1')
 4 SYSTEMPATH\Config\BaseService.php(325): CodeIgniter\Config\Services::session(Object(Config\Session), false)
 5 SYSTEMPATH\Config\BaseService.php(264): CodeIgniter\Config\BaseService::__callStatic('session', [...])
 6 SYSTEMPATH\Config\Services.php(668): CodeIgniter\Config\BaseService::getSharedInstance('session', null)
 7 SYSTEMPATH\Config\BaseService.php(334): CodeIgniter\Config\Services::session()
 8 APPPATH\Controllers\BaseController.php(55): CodeIgniter\Config\BaseService::__callStatic('session', [])
 9 SYSTEMPATH\CodeIgniter.php(922): App\Controllers\BaseController->initController(Object(CodeIgniter\HTTP\IncomingRequest), Object(CodeIgniter\HTTP\Response), Object(CodeIgniter\Log\Logger))
10 SYSTEMPATH\CodeIgniter.php(488): CodeIgniter\CodeIgniter->createController()
11 SYSTEMPATH\CodeIgniter.php(340): CodeIgniter\CodeIgniter->handleRequest(null, Object(Config\Cache), false)
12 SYSTEMPATH\Boot.php(417): CodeIgniter\CodeIgniter->run()
13 SYSTEMPATH\Boot.php(68): CodeIgniter\Boot::runCodeIgniter(Object(CodeIgniter\CodeIgniter))
14 FCPATH\index.php(59): CodeIgniter\Boot::bootWeb(Object(Config\Paths))
15 SYSTEMPATH\rewrite.php(44): require_once('C:\\xampp\\htdocs\\malogistics\\malogistics1\\public\\index.php')
CRITICAL - 2026-05-08 10:37:06 --> ErrorException: ini_set(): Session ini settings cannot be changed when a session is active
[Method: GET, Route: login]
in SYSTEMPATH\Session\Handlers\FileHandler.php on line 73.
 1 [internal function]: CodeIgniter\Debug\Exceptions->errorHandler(2, 'ini_set(): Session ini settings cannot be changed when a session is active', 'C:\\xampp\\htdocs\\malogistics\\malogistics1\\system\\Session\\Handlers\\FileHandler.php', 73)
 2 SYSTEMPATH\Session\Handlers\FileHandler.php(73): ini_set('session.save_path', 'C:\\xampp\\htdocs\\malogistics\\malogistics1\\writable\\session')
 3 SYSTEMPATH\Config\Services.php(702): CodeIgniter\Session\Handlers\FileHandler->__construct(Object(Config\Session), '::1')
 4 SYSTEMPATH\Config\BaseService.php(325): CodeIgniter\Config\Services::session(Object(Config\Session), false)
 5 SYSTEMPATH\Config\BaseService.php(264): CodeIgniter\Config\BaseService::__callStatic('session', [...])
 6 SYSTEMPATH\Config\Services.php(668): CodeIgniter\Config\BaseService::getSharedInstance('session', null)
 7 SYSTEMPATH\Config\BaseService.php(334): CodeIgniter\Config\Services::session()
 8 APPPATH\Controllers\BaseController.php(55): CodeIgniter\Config\BaseService::__callStatic('session', [])
 9 SYSTEMPATH\CodeIgniter.php(922): App\Controllers\BaseController->initController(Object(CodeIgniter\HTTP\IncomingRequest), Object(CodeIgniter\HTTP\Response), Object(CodeIgniter\Log\Logger))
10 SYSTEMPATH\CodeIgniter.php(488): CodeIgniter\CodeIgniter->createController()
11 SYSTEMPATH\CodeIgniter.php(340): CodeIgniter\CodeIgniter->handleRequest(null, Object(Config\Cache), false)
12 SYSTEMPATH\Boot.php(417): CodeIgniter\CodeIgniter->run()
13 SYSTEMPATH\Boot.php(68): CodeIgniter\Boot::runCodeIgniter(Object(CodeIgniter\CodeIgniter))
14 FCPATH\index.php(59): CodeIgniter\Boot::bootWeb(Object(Config\Paths))
15 SYSTEMPATH\rewrite.php(44): require_once('C:\\xampp\\htdocs\\malogistics\\malogistics1\\public\\index.php')
CRITICAL - 2026-05-08 10:38:55 --> ErrorException: ini_set(): Session ini settings cannot be changed when a session is active
[Method: GET, Route: login]
in SYSTEMPATH\Session\Handlers\FileHandler.php on line 73.
 1 [internal function]: CodeIgniter\Debug\Exceptions->errorHandler(2, 'ini_set(): Session ini settings cannot be changed when a session is active', 'C:\\xampp\\htdocs\\malogistics\\malogistics1\\system\\Session\\Handlers\\FileHandler.php', 73)
 2 SYSTEMPATH\Session\Handlers\FileHandler.php(73): ini_set('session.save_path', 'C:\\xampp\\htdocs\\malogistics\\malogistics1\\writable\\session')
 3 SYSTEMPATH\Config\Services.php(702): CodeIgniter\Session\Handlers\FileHandler->__construct(Object(Config\Session), '::1')
 4 SYSTEMPATH\Config\BaseService.php(325): CodeIgniter\Config\Services::session(Object(Config\Session), false)
 5 SYSTEMPATH\Config\BaseService.php(264): CodeIgniter\Config\BaseService::__callStatic('session', [...])
 6 SYSTEMPATH\Config\Services.php(668): CodeIgniter\Config\BaseService::getSharedInstance('session', null)
 7 SYSTEMPATH\Config\BaseService.php(334): CodeIgniter\Config\Services::session()
 8 APPPATH\Controllers\BaseController.php(55): CodeIgniter\Config\BaseService::__callStatic('session', [])
 9 SYSTEMPATH\CodeIgniter.php(922): App\Controllers\BaseController->initController(Object(CodeIgniter\HTTP\IncomingRequest), Object(CodeIgniter\HTTP\Response), Object(CodeIgniter\Log\Logger))
10 SYSTEMPATH\CodeIgniter.php(488): CodeIgniter\CodeIgniter->createController()
11 SYSTEMPATH\CodeIgniter.php(340): CodeIgniter\CodeIgniter->handleRequest(null, Object(Config\Cache), false)
12 SYSTEMPATH\Boot.php(417): CodeIgniter\CodeIgniter->run()
13 SYSTEMPATH\Boot.php(68): CodeIgniter\Boot::runCodeIgniter(Object(CodeIgniter\CodeIgniter))
14 FCPATH\index.php(59): CodeIgniter\Boot::bootWeb(Object(Config\Paths))
15 SYSTEMPATH\rewrite.php(44): require_once('C:\\xampp\\htdocs\\malogistics\\malogistics1\\public\\index.php')
CRITICAL - 2026-05-08 10:38:56 --> ErrorException: ini_set(): Session ini settings cannot be changed when a session is active
[Method: GET, Route: login]
in SYSTEMPATH\Session\Handlers\FileHandler.php on line 73.
 1 [internal function]: CodeIgniter\Debug\Exceptions->errorHandler(2, 'ini_set(): Session ini settings cannot be changed when a session is active', 'C:\\xampp\\htdocs\\malogistics\\malogistics1\\system\\Session\\Handlers\\FileHandler.php', 73)
 2 SYSTEMPATH\Session\Handlers\FileHandler.php(73): ini_set('session.save_path', 'C:\\xampp\\htdocs\\malogistics\\malogistics1\\writable\\session')
 3 SYSTEMPATH\Config\Services.php(702): CodeIgniter\Session\Handlers\FileHandler->__construct(Object(Config\Session), '::1')
 4 SYSTEMPATH\Config\BaseService.php(325): CodeIgniter\Config\Services::session(Object(Config\Session), false)
 5 SYSTEMPATH\Config\BaseService.php(264): CodeIgniter\Config\BaseService::__callStatic('session', [...])
 6 SYSTEMPATH\Config\Services.php(668): CodeIgniter\Config\BaseService::getSharedInstance('session', null)
 7 SYSTEMPATH\Config\BaseService.php(334): CodeIgniter\Config\Services::session()
 8 APPPATH\Controllers\BaseController.php(55): CodeIgniter\Config\BaseService::__callStatic('session', [])
 9 SYSTEMPATH\CodeIgniter.php(922): App\Controllers\BaseController->initController(Object(CodeIgniter\HTTP\IncomingRequest), Object(CodeIgniter\HTTP\Response), Object(CodeIgniter\Log\Logger))
10 SYSTEMPATH\CodeIgniter.php(488): CodeIgniter\CodeIgniter->createController()
11 SYSTEMPATH\CodeIgniter.php(340): CodeIgniter\CodeIgniter->handleRequest(null, Object(Config\Cache), false)
12 SYSTEMPATH\Boot.php(417): CodeIgniter\CodeIgniter->run()
13 SYSTEMPATH\Boot.php(68): CodeIgniter\Boot::runCodeIgniter(Object(CodeIgniter\CodeIgniter))
14 FCPATH\index.php(59): CodeIgniter\Boot::bootWeb(Object(Config\Paths))
15 SYSTEMPATH\rewrite.php(44): require_once('C:\\xampp\\htdocs\\malogistics\\malogistics1\\public\\index.php')
CRITICAL - 2026-05-08 10:38:56 --> ErrorException: ini_set(): Session ini settings cannot be changed when a session is active
[Method: GET, Route: login]
in SYSTEMPATH\Session\Handlers\FileHandler.php on line 73.
 1 [internal function]: CodeIgniter\Debug\Exceptions->errorHandler(2, 'ini_set(): Session ini settings cannot be changed when a session is active', 'C:\\xampp\\htdocs\\malogistics\\malogistics1\\system\\Session\\Handlers\\FileHandler.php', 73)
 2 SYSTEMPATH\Session\Handlers\FileHandler.php(73): ini_set('session.save_path', 'C:\\xampp\\htdocs\\malogistics\\malogistics1\\writable\\session')
 3 SYSTEMPATH\Config\Services.php(702): CodeIgniter\Session\Handlers\FileHandler->__construct(Object(Config\Session), '::1')
 4 SYSTEMPATH\Config\BaseService.php(325): CodeIgniter\Config\Services::session(Object(Config\Session), false)
 5 SYSTEMPATH\Config\BaseService.php(264): CodeIgniter\Config\BaseService::__callStatic('session', [...])
 6 SYSTEMPATH\Config\Services.php(668): CodeIgniter\Config\BaseService::getSharedInstance('session', null)
 7 SYSTEMPATH\Config\BaseService.php(334): CodeIgniter\Config\Services::session()
 8 APPPATH\Controllers\BaseController.php(55): CodeIgniter\Config\BaseService::__callStatic('session', [])
 9 SYSTEMPATH\CodeIgniter.php(922): App\Controllers\BaseController->initController(Object(CodeIgniter\HTTP\IncomingRequest), Object(CodeIgniter\HTTP\Response), Object(CodeIgniter\Log\Logger))
10 SYSTEMPATH\CodeIgniter.php(488): CodeIgniter\CodeIgniter->createController()
11 SYSTEMPATH\CodeIgniter.php(340): CodeIgniter\CodeIgniter->handleRequest(null, Object(Config\Cache), false)
12 SYSTEMPATH\Boot.php(417): CodeIgniter\CodeIgniter->run()
13 SYSTEMPATH\Boot.php(68): CodeIgniter\Boot::runCodeIgniter(Object(CodeIgniter\CodeIgniter))
14 FCPATH\index.php(59): CodeIgniter\Boot::bootWeb(Object(Config\Paths))
15 SYSTEMPATH\rewrite.php(44): require_once('C:\\xampp\\htdocs\\malogistics\\malogistics1\\public\\index.php')
CRITICAL - 2026-05-08 10:38:56 --> ErrorException: ini_set(): Session ini settings cannot be changed when a session is active
[Method: GET, Route: login]
in SYSTEMPATH\Session\Handlers\FileHandler.php on line 73.
 1 [internal function]: CodeIgniter\Debug\Exceptions->errorHandler(2, 'ini_set(): Session ini settings cannot be changed when a session is active', 'C:\\xampp\\htdocs\\malogistics\\malogistics1\\system\\Session\\Handlers\\FileHandler.php', 73)
 2 SYSTEMPATH\Session\Handlers\FileHandler.php(73): ini_set('session.save_path', 'C:\\xampp\\htdocs\\malogistics\\malogistics1\\writable\\session')
 3 SYSTEMPATH\Config\Services.php(702): CodeIgniter\Session\Handlers\FileHandler->__construct(Object(Config\Session), '::1')
 4 SYSTEMPATH\Config\BaseService.php(325): CodeIgniter\Config\Services::session(Object(Config\Session), false)
 5 SYSTEMPATH\Config\BaseService.php(264): CodeIgniter\Config\BaseService::__callStatic('session', [...])
 6 SYSTEMPATH\Config\Services.php(668): CodeIgniter\Config\BaseService::getSharedInstance('session', null)
 7 SYSTEMPATH\Config\BaseService.php(334): CodeIgniter\Config\Services::session()
 8 APPPATH\Controllers\BaseController.php(55): CodeIgniter\Config\BaseService::__callStatic('session', [])
 9 SYSTEMPATH\CodeIgniter.php(922): App\Controllers\BaseController->initController(Object(CodeIgniter\HTTP\IncomingRequest), Object(CodeIgniter\HTTP\Response), Object(CodeIgniter\Log\Logger))
10 SYSTEMPATH\CodeIgniter.php(488): CodeIgniter\CodeIgniter->createController()
11 SYSTEMPATH\CodeIgniter.php(340): CodeIgniter\CodeIgniter->handleRequest(null, Object(Config\Cache), false)
12 SYSTEMPATH\Boot.php(417): CodeIgniter\CodeIgniter->run()
13 SYSTEMPATH\Boot.php(68): CodeIgniter\Boot::runCodeIgniter(Object(CodeIgniter\CodeIgniter))
14 FCPATH\index.php(59): CodeIgniter\Boot::bootWeb(Object(Config\Paths))
15 SYSTEMPATH\rewrite.php(44): require_once('C:\\xampp\\htdocs\\malogistics\\malogistics1\\public\\index.php')
CRITICAL - 2026-05-08 10:38:57 --> ErrorException: ini_set(): Session ini settings cannot be changed when a session is active
[Method: GET, Route: login]
in SYSTEMPATH\Session\Handlers\FileHandler.php on line 73.
 1 [internal function]: CodeIgniter\Debug\Exceptions->errorHandler(2, 'ini_set(): Session ini settings cannot be changed when a session is active', 'C:\\xampp\\htdocs\\malogistics\\malogistics1\\system\\Session\\Handlers\\FileHandler.php', 73)
 2 SYSTEMPATH\Session\Handlers\FileHandler.php(73): ini_set('session.save_path', 'C:\\xampp\\htdocs\\malogistics\\malogistics1\\writable\\session')
 3 SYSTEMPATH\Config\Services.php(702): CodeIgniter\Session\Handlers\FileHandler->__construct(Object(Config\Session), '::1')
 4 SYSTEMPATH\Config\BaseService.php(325): CodeIgniter\Config\Services::session(Object(Config\Session), false)
 5 SYSTEMPATH\Config\BaseService.php(264): CodeIgniter\Config\BaseService::__callStatic('session', [...])
 6 SYSTEMPATH\Config\Services.php(668): CodeIgniter\Config\BaseService::getSharedInstance('session', null)
 7 SYSTEMPATH\Config\BaseService.php(334): CodeIgniter\Config\Services::session()
 8 APPPATH\Controllers\BaseController.php(55): CodeIgniter\Config\BaseService::__callStatic('session', [])
 9 SYSTEMPATH\CodeIgniter.php(922): App\Controllers\BaseController->initController(Object(CodeIgniter\HTTP\IncomingRequest), Object(CodeIgniter\HTTP\Response), Object(CodeIgniter\Log\Logger))
10 SYSTEMPATH\CodeIgniter.php(488): CodeIgniter\CodeIgniter->createController()
11 SYSTEMPATH\CodeIgniter.php(340): CodeIgniter\CodeIgniter->handleRequest(null, Object(Config\Cache), false)
12 SYSTEMPATH\Boot.php(417): CodeIgniter\CodeIgniter->run()
13 SYSTEMPATH\Boot.php(68): CodeIgniter\Boot::runCodeIgniter(Object(CodeIgniter\CodeIgniter))
14 FCPATH\index.php(59): CodeIgniter\Boot::bootWeb(Object(Config\Paths))
15 SYSTEMPATH\rewrite.php(44): require_once('C:\\xampp\\htdocs\\malogistics\\malogistics1\\public\\index.php')
CRITICAL - 2026-05-08 10:38:57 --> ErrorException: ini_set(): Session ini settings cannot be changed when a session is active
[Method: GET, Route: login]
in SYSTEMPATH\Session\Handlers\FileHandler.php on line 73.
 1 [internal function]: CodeIgniter\Debug\Exceptions->errorHandler(2, 'ini_set(): Session ini settings cannot be changed when a session is active', 'C:\\xampp\\htdocs\\malogistics\\malogistics1\\system\\Session\\Handlers\\FileHandler.php', 73)
 2 SYSTEMPATH\Session\Handlers\FileHandler.php(73): ini_set('session.save_path', 'C:\\xampp\\htdocs\\malogistics\\malogistics1\\writable\\session')
 3 SYSTEMPATH\Config\Services.php(702): CodeIgniter\Session\Handlers\FileHandler->__construct(Object(Config\Session), '::1')
 4 SYSTEMPATH\Config\BaseService.php(325): CodeIgniter\Config\Services::session(Object(Config\Session), false)
 5 SYSTEMPATH\Config\BaseService.php(264): CodeIgniter\Config\BaseService::__callStatic('session', [...])
 6 SYSTEMPATH\Config\Services.php(668): CodeIgniter\Config\BaseService::getSharedInstance('session', null)
 7 SYSTEMPATH\Config\BaseService.php(334): CodeIgniter\Config\Services::session()
 8 APPPATH\Controllers\BaseController.php(55): CodeIgniter\Config\BaseService::__callStatic('session', [])
 9 SYSTEMPATH\CodeIgniter.php(922): App\Controllers\BaseController->initController(Object(CodeIgniter\HTTP\IncomingRequest), Object(CodeIgniter\HTTP\Response), Object(CodeIgniter\Log\Logger))
10 SYSTEMPATH\CodeIgniter.php(488): CodeIgniter\CodeIgniter->createController()
11 SYSTEMPATH\CodeIgniter.php(340): CodeIgniter\CodeIgniter->handleRequest(null, Object(Config\Cache), false)
12 SYSTEMPATH\Boot.php(417): CodeIgniter\CodeIgniter->run()
13 SYSTEMPATH\Boot.php(68): CodeIgniter\Boot::runCodeIgniter(Object(CodeIgniter\CodeIgniter))
14 FCPATH\index.php(59): CodeIgniter\Boot::bootWeb(Object(Config\Paths))
15 SYSTEMPATH\rewrite.php(44): require_once('C:\\xampp\\htdocs\\malogistics\\malogistics1\\public\\index.php')
CRITICAL - 2026-05-08 10:38:58 --> ErrorException: ini_set(): Session ini settings cannot be changed when a session is active
[Method: GET, Route: login]
in SYSTEMPATH\Session\Handlers\FileHandler.php on line 73.
 1 [internal function]: CodeIgniter\Debug\Exceptions->errorHandler(2, 'ini_set(): Session ini settings cannot be changed when a session is active', 'C:\\xampp\\htdocs\\malogistics\\malogistics1\\system\\Session\\Handlers\\FileHandler.php', 73)
 2 SYSTEMPATH\Session\Handlers\FileHandler.php(73): ini_set('session.save_path', 'C:\\xampp\\htdocs\\malogistics\\malogistics1\\writable\\session')
 3 SYSTEMPATH\Config\Services.php(702): CodeIgniter\Session\Handlers\FileHandler->__construct(Object(Config\Session), '::1')
 4 SYSTEMPATH\Config\BaseService.php(325): CodeIgniter\Config\Services::session(Object(Config\Session), false)
 5 SYSTEMPATH\Config\BaseService.php(264): CodeIgniter\Config\BaseService::__callStatic('session', [...])
 6 SYSTEMPATH\Config\Services.php(668): CodeIgniter\Config\BaseService::getSharedInstance('session', null)
 7 SYSTEMPATH\Config\BaseService.php(334): CodeIgniter\Config\Services::session()
 8 APPPATH\Controllers\BaseController.php(55): CodeIgniter\Config\BaseService::__callStatic('session', [])
 9 SYSTEMPATH\CodeIgniter.php(922): App\Controllers\BaseController->initController(Object(CodeIgniter\HTTP\IncomingRequest), Object(CodeIgniter\HTTP\Response), Object(CodeIgniter\Log\Logger))
10 SYSTEMPATH\CodeIgniter.php(488): CodeIgniter\CodeIgniter->createController()
11 SYSTEMPATH\CodeIgniter.php(340): CodeIgniter\CodeIgniter->handleRequest(null, Object(Config\Cache), false)
12 SYSTEMPATH\Boot.php(417): CodeIgniter\CodeIgniter->run()
13 SYSTEMPATH\Boot.php(68): CodeIgniter\Boot::runCodeIgniter(Object(CodeIgniter\CodeIgniter))
14 FCPATH\index.php(59): CodeIgniter\Boot::bootWeb(Object(Config\Paths))
15 SYSTEMPATH\rewrite.php(44): require_once('C:\\xampp\\htdocs\\malogistics\\malogistics1\\public\\index.php')
CRITICAL - 2026-05-08 10:38:59 --> ErrorException: ini_set(): Session ini settings cannot be changed when a session is active
[Method: GET, Route: login]
in SYSTEMPATH\Session\Handlers\FileHandler.php on line 73.
 1 [internal function]: CodeIgniter\Debug\Exceptions->errorHandler(2, 'ini_set(): Session ini settings cannot be changed when a session is active', 'C:\\xampp\\htdocs\\malogistics\\malogistics1\\system\\Session\\Handlers\\FileHandler.php', 73)
 2 SYSTEMPATH\Session\Handlers\FileHandler.php(73): ini_set('session.save_path', 'C:\\xampp\\htdocs\\malogistics\\malogistics1\\writable\\session')
 3 SYSTEMPATH\Config\Services.php(702): CodeIgniter\Session\Handlers\FileHandler->__construct(Object(Config\Session), '::1')
 4 SYSTEMPATH\Config\BaseService.php(325): CodeIgniter\Config\Services::session(Object(Config\Session), false)
 5 SYSTEMPATH\Config\BaseService.php(264): CodeIgniter\Config\BaseService::__callStatic('session', [...])
 6 SYSTEMPATH\Config\Services.php(668): CodeIgniter\Config\BaseService::getSharedInstance('session', null)
 7 SYSTEMPATH\Config\BaseService.php(334): CodeIgniter\Config\Services::session()
 8 APPPATH\Controllers\BaseController.php(55): CodeIgniter\Config\BaseService::__callStatic('session', [])
 9 SYSTEMPATH\CodeIgniter.php(922): App\Controllers\BaseController->initController(Object(CodeIgniter\HTTP\IncomingRequest), Object(CodeIgniter\HTTP\Response), Object(CodeIgniter\Log\Logger))
10 SYSTEMPATH\CodeIgniter.php(488): CodeIgniter\CodeIgniter->createController()
11 SYSTEMPATH\CodeIgniter.php(340): CodeIgniter\CodeIgniter->handleRequest(null, Object(Config\Cache), false)
12 SYSTEMPATH\Boot.php(417): CodeIgniter\CodeIgniter->run()
13 SYSTEMPATH\Boot.php(68): CodeIgniter\Boot::runCodeIgniter(Object(CodeIgniter\CodeIgniter))
14 FCPATH\index.php(59): CodeIgniter\Boot::bootWeb(Object(Config\Paths))
15 SYSTEMPATH\rewrite.php(44): require_once('C:\\xampp\\htdocs\\malogistics\\malogistics1\\public\\index.php')
CRITICAL - 2026-05-08 10:38:59 --> ErrorException: ini_set(): Session ini settings cannot be changed when a session is active
[Method: GET, Route: login]
in SYSTEMPATH\Session\Handlers\FileHandler.php on line 73.
 1 [internal function]: CodeIgniter\Debug\Exceptions->errorHandler(2, 'ini_set(): Session ini settings cannot be changed when a session is active', 'C:\\xampp\\htdocs\\malogistics\\malogistics1\\system\\Session\\Handlers\\FileHandler.php', 73)
 2 SYSTEMPATH\Session\Handlers\FileHandler.php(73): ini_set('session.save_path', 'C:\\xampp\\htdocs\\malogistics\\malogistics1\\writable\\session')
 3 SYSTEMPATH\Config\Services.php(702): CodeIgniter\Session\Handlers\FileHandler->__construct(Object(Config\Session), '::1')
 4 SYSTEMPATH\Config\BaseService.php(325): CodeIgniter\Config\Services::session(Object(Config\Session), false)
 5 SYSTEMPATH\Config\BaseService.php(264): CodeIgniter\Config\BaseService::__callStatic('session', [...])
 6 SYSTEMPATH\Config\Services.php(668): CodeIgniter\Config\BaseService::getSharedInstance('session', null)
 7 SYSTEMPATH\Config\BaseService.php(334): CodeIgniter\Config\Services::session()
 8 APPPATH\Controllers\BaseController.php(55): CodeIgniter\Config\BaseService::__callStatic('session', [])
 9 SYSTEMPATH\CodeIgniter.php(922): App\Controllers\BaseController->initController(Object(CodeIgniter\HTTP\IncomingRequest), Object(CodeIgniter\HTTP\Response), Object(CodeIgniter\Log\Logger))
10 SYSTEMPATH\CodeIgniter.php(488): CodeIgniter\CodeIgniter->createController()
11 SYSTEMPATH\CodeIgniter.php(340): CodeIgniter\CodeIgniter->handleRequest(null, Object(Config\Cache), false)
12 SYSTEMPATH\Boot.php(417): CodeIgniter\CodeIgniter->run()
13 SYSTEMPATH\Boot.php(68): CodeIgniter\Boot::runCodeIgniter(Object(CodeIgniter\CodeIgniter))
14 FCPATH\index.php(59): CodeIgniter\Boot::bootWeb(Object(Config\Paths))
15 SYSTEMPATH\rewrite.php(44): require_once('C:\\xampp\\htdocs\\malogistics\\malogistics1\\public\\index.php')
CRITICAL - 2026-05-08 10:39:00 --> ErrorException: ini_set(): Session ini settings cannot be changed when a session is active
[Method: GET, Route: login]
in SYSTEMPATH\Session\Handlers\FileHandler.php on line 73.
 1 [internal function]: CodeIgniter\Debug\Exceptions->errorHandler(2, 'ini_set(): Session ini settings cannot be changed when a session is active', 'C:\\xampp\\htdocs\\malogistics\\malogistics1\\system\\Session\\Handlers\\FileHandler.php', 73)
 2 SYSTEMPATH\Session\Handlers\FileHandler.php(73): ini_set('session.save_path', 'C:\\xampp\\htdocs\\malogistics\\malogistics1\\writable\\session')
 3 SYSTEMPATH\Config\Services.php(702): CodeIgniter\Session\Handlers\FileHandler->__construct(Object(Config\Session), '::1')
 4 SYSTEMPATH\Config\BaseService.php(325): CodeIgniter\Config\Services::session(Object(Config\Session), false)
 5 SYSTEMPATH\Config\BaseService.php(264): CodeIgniter\Config\BaseService::__callStatic('session', [...])
 6 SYSTEMPATH\Config\Services.php(668): CodeIgniter\Config\BaseService::getSharedInstance('session', null)
 7 SYSTEMPATH\Config\BaseService.php(334): CodeIgniter\Config\Services::session()
 8 APPPATH\Controllers\BaseController.php(55): CodeIgniter\Config\BaseService::__callStatic('session', [])
 9 SYSTEMPATH\CodeIgniter.php(922): App\Controllers\BaseController->initController(Object(CodeIgniter\HTTP\IncomingRequest), Object(CodeIgniter\HTTP\Response), Object(CodeIgniter\Log\Logger))
10 SYSTEMPATH\CodeIgniter.php(488): CodeIgniter\CodeIgniter->createController()
11 SYSTEMPATH\CodeIgniter.php(340): CodeIgniter\CodeIgniter->handleRequest(null, Object(Config\Cache), false)
12 SYSTEMPATH\Boot.php(417): CodeIgniter\CodeIgniter->run()
13 SYSTEMPATH\Boot.php(68): CodeIgniter\Boot::runCodeIgniter(Object(CodeIgniter\CodeIgniter))
14 FCPATH\index.php(59): CodeIgniter\Boot::bootWeb(Object(Config\Paths))
15 SYSTEMPATH\rewrite.php(44): require_once('C:\\xampp\\htdocs\\malogistics\\malogistics1\\public\\index.php')
CRITICAL - 2026-05-08 10:42:32 --> ErrorException: ini_set(): Session ini settings cannot be changed when a session is active
[Method: GET, Route: login]
in SYSTEMPATH\Session\Handlers\FileHandler.php on line 73.
 1 [internal function]: CodeIgniter\Debug\Exceptions->errorHandler(2, 'ini_set(): Session ini settings cannot be changed when a session is active', 'C:\\xampp\\htdocs\\malogistics\\malogistics1\\system\\Session\\Handlers\\FileHandler.php', 73)
 2 SYSTEMPATH\Session\Handlers\FileHandler.php(73): ini_set('session.save_path', 'C:\\xampp\\htdocs\\malogistics\\malogistics1\\writable\\session')
 3 SYSTEMPATH\Config\Services.php(702): CodeIgniter\Session\Handlers\FileHandler->__construct(Object(Config\Session), '::1')
 4 SYSTEMPATH\Config\BaseService.php(325): CodeIgniter\Config\Services::session(Object(Config\Session), false)
 5 SYSTEMPATH\Config\BaseService.php(264): CodeIgniter\Config\BaseService::__callStatic('session', [...])
 6 SYSTEMPATH\Config\Services.php(668): CodeIgniter\Config\BaseService::getSharedInstance('session', null)
 7 SYSTEMPATH\Config\BaseService.php(334): CodeIgniter\Config\Services::session()
 8 APPPATH\Controllers\BaseController.php(55): CodeIgniter\Config\BaseService::__callStatic('session', [])
 9 SYSTEMPATH\CodeIgniter.php(922): App\Controllers\BaseController->initController(Object(CodeIgniter\HTTP\IncomingRequest), Object(CodeIgniter\HTTP\Response), Object(CodeIgniter\Log\Logger))
10 SYSTEMPATH\CodeIgniter.php(488): CodeIgniter\CodeIgniter->createController()
11 SYSTEMPATH\CodeIgniter.php(340): CodeIgniter\CodeIgniter->handleRequest(null, Object(Config\Cache), false)
12 SYSTEMPATH\Boot.php(417): CodeIgniter\CodeIgniter->run()
13 SYSTEMPATH\Boot.php(68): CodeIgniter\Boot::runCodeIgniter(Object(CodeIgniter\CodeIgniter))
14 FCPATH\index.php(59): CodeIgniter\Boot::bootWeb(Object(Config\Paths))
15 SYSTEMPATH\rewrite.php(44): require_once('C:\\xampp\\htdocs\\malogistics\\malogistics1\\public\\index.php')
CRITICAL - 2026-05-08 10:42:35 --> ErrorException: ini_set(): Session ini settings cannot be changed when a session is active
[Method: GET, Route: login]
in SYSTEMPATH\Session\Handlers\FileHandler.php on line 73.
 1 [internal function]: CodeIgniter\Debug\Exceptions->errorHandler(2, 'ini_set(): Session ini settings cannot be changed when a session is active', 'C:\\xampp\\htdocs\\malogistics\\malogistics1\\system\\Session\\Handlers\\FileHandler.php', 73)
 2 SYSTEMPATH\Session\Handlers\FileHandler.php(73): ini_set('session.save_path', 'C:\\xampp\\htdocs\\malogistics\\malogistics1\\writable\\session')
 3 SYSTEMPATH\Config\Services.php(702): CodeIgniter\Session\Handlers\FileHandler->__construct(Object(Config\Session), '::1')
 4 SYSTEMPATH\Config\BaseService.php(325): CodeIgniter\Config\Services::session(Object(Config\Session), false)
 5 SYSTEMPATH\Config\BaseService.php(264): CodeIgniter\Config\BaseService::__callStatic('session', [...])
 6 SYSTEMPATH\Config\Services.php(668): CodeIgniter\Config\BaseService::getSharedInstance('session', null)
 7 SYSTEMPATH\Config\BaseService.php(334): CodeIgniter\Config\Services::session()
 8 APPPATH\Controllers\BaseController.php(55): CodeIgniter\Config\BaseService::__callStatic('session', [])
 9 SYSTEMPATH\CodeIgniter.php(922): App\Controllers\BaseController->initController(Object(CodeIgniter\HTTP\IncomingRequest), Object(CodeIgniter\HTTP\Response), Object(CodeIgniter\Log\Logger))
10 SYSTEMPATH\CodeIgniter.php(488): CodeIgniter\CodeIgniter->createController()
11 SYSTEMPATH\CodeIgniter.php(340): CodeIgniter\CodeIgniter->handleRequest(null, Object(Config\Cache), false)
12 SYSTEMPATH\Boot.php(417): CodeIgniter\CodeIgniter->run()
13 SYSTEMPATH\Boot.php(68): CodeIgniter\Boot::runCodeIgniter(Object(CodeIgniter\CodeIgniter))
14 FCPATH\index.php(59): CodeIgniter\Boot::bootWeb(Object(Config\Paths))
15 SYSTEMPATH\rewrite.php(44): require_once('C:\\xampp\\htdocs\\malogistics\\malogistics1\\public\\index.php')
CRITICAL - 2026-05-08 10:42:36 --> ErrorException: ini_set(): Session ini settings cannot be changed when a session is active
[Method: GET, Route: login]
in SYSTEMPATH\Session\Handlers\FileHandler.php on line 73.
 1 [internal function]: CodeIgniter\Debug\Exceptions->errorHandler(2, 'ini_set(): Session ini settings cannot be changed when a session is active', 'C:\\xampp\\htdocs\\malogistics\\malogistics1\\system\\Session\\Handlers\\FileHandler.php', 73)
 2 SYSTEMPATH\Session\Handlers\FileHandler.php(73): ini_set('session.save_path', 'C:\\xampp\\htdocs\\malogistics\\malogistics1\\writable\\session')
 3 SYSTEMPATH\Config\Services.php(702): CodeIgniter\Session\Handlers\FileHandler->__construct(Object(Config\Session), '::1')
 4 SYSTEMPATH\Config\BaseService.php(325): CodeIgniter\Config\Services::session(Object(Config\Session), false)
 5 SYSTEMPATH\Config\BaseService.php(264): CodeIgniter\Config\BaseService::__callStatic('session', [...])
 6 SYSTEMPATH\Config\Services.php(668): CodeIgniter\Config\BaseService::getSharedInstance('session', null)
 7 SYSTEMPATH\Config\BaseService.php(334): CodeIgniter\Config\Services::session()
 8 APPPATH\Controllers\BaseController.php(55): CodeIgniter\Config\BaseService::__callStatic('session', [])
 9 SYSTEMPATH\CodeIgniter.php(922): App\Controllers\BaseController->initController(Object(CodeIgniter\HTTP\IncomingRequest), Object(CodeIgniter\HTTP\Response), Object(CodeIgniter\Log\Logger))
10 SYSTEMPATH\CodeIgniter.php(488): CodeIgniter\CodeIgniter->createController()
11 SYSTEMPATH\CodeIgniter.php(340): CodeIgniter\CodeIgniter->handleRequest(null, Object(Config\Cache), false)
12 SYSTEMPATH\Boot.php(417): CodeIgniter\CodeIgniter->run()
13 SYSTEMPATH\Boot.php(68): CodeIgniter\Boot::runCodeIgniter(Object(CodeIgniter\CodeIgniter))
14 FCPATH\index.php(59): CodeIgniter\Boot::bootWeb(Object(Config\Paths))
15 SYSTEMPATH\rewrite.php(44): require_once('C:\\xampp\\htdocs\\malogistics\\malogistics1\\public\\index.php')
ERROR - 2026-05-08 10:48:54 --> Error connecting to the database: mysqli_sql_exception: Access denied for user ''@'localhost' (using password: NO) in C:\xampp\htdocs\malogistics\malogistics1\system\Database\MySQLi\Connection.php:201
Stack trace:
#0 C:\xampp\htdocs\malogistics\malogistics1\system\Database\MySQLi\Connection.php(201): mysqli->real_connect('localhost', '', Object(SensitiveParameterValue), '', 3306, '', 0)
#1 C:\xampp\htdocs\malogistics\malogistics1\system\Database\BaseConnection.php(555): CodeIgniter\Database\MySQLi\Connection->connect(false)
#2 C:\xampp\htdocs\malogistics\malogistics1\system\Database\BaseConnection.php(795): CodeIgniter\Database\BaseConnection->initialize()
#3 C:\xampp\htdocs\malogistics\malogistics1\system\Database\BaseBuilder.php(1649): CodeIgniter\Database\BaseConnection->query('SELECT *\nFROM `...', Array, false)
#4 C:\xampp\htdocs\malogistics\malogistics1\system\Model.php(295): CodeIgniter\Database\BaseBuilder->get()
#5 C:\xampp\htdocs\malogistics\malogistics1\system\BaseModel.php(714): CodeIgniter\Model->doFirst()
#6 C:\xampp\htdocs\malogistics\malogistics1\app\Models\UserModel.php(30): CodeIgniter\BaseModel->first()
#7 C:\xampp\htdocs\malogistics\malogistics1\app\Controllers\AuthController.php(21): App\Models\UserModel->attemptLogin(Array)
#8 C:\xampp\htdocs\malogistics\malogistics1\system\CodeIgniter.php(951): App\Controllers\AuthController->attemptLogin()
#9 C:\xampp\htdocs\malogistics\malogistics1\system\CodeIgniter.php(497): CodeIgniter\CodeIgniter->runController(Object(App\Controllers\AuthController))
#10 C:\xampp\htdocs\malogistics\malogistics1\system\CodeIgniter.php(340): CodeIgniter\CodeIgniter->handleRequest(NULL, Object(Config\Cache), false)
#11 C:\xampp\htdocs\malogistics\malogistics1\system\Boot.php(417): CodeIgniter\CodeIgniter->run()
#12 C:\xampp\htdocs\malogistics\malogistics1\system\Boot.php(68): CodeIgniter\Boot::runCodeIgniter(Object(CodeIgniter\CodeIgniter))
#13 C:\xampp\htdocs\malogistics\malogistics1\public\index.php(59): CodeIgniter\Boot::bootWeb(Object(Config\Paths))
#14 C:\xampp\htdocs\malogistics\malogistics1\system\rewrite.php(44): require_once('C:\\xampp\\htdocs...')
#15 {main}

Next CodeIgniter\Database\Exceptions\DatabaseException: Access denied for user ''@'localhost' (using password: NO) in C:\xampp\htdocs\malogistics\malogistics1\system\Database\MySQLi\Connection.php:231
Stack trace:
#0 C:\xampp\htdocs\malogistics\malogistics1\system\Database\BaseConnection.php(555): CodeIgniter\Database\MySQLi\Connection->connect(false)
#1 C:\xampp\htdocs\malogistics\malogistics1\system\Database\BaseConnection.php(795): CodeIgniter\Database\BaseConnection->initialize()
#2 C:\xampp\htdocs\malogistics\malogistics1\system\Database\BaseBuilder.php(1649): CodeIgniter\Database\BaseConnection->query('SELECT *\nFROM `...', Array, false)
#3 C:\xampp\htdocs\malogistics\malogistics1\system\Model.php(295): CodeIgniter\Database\BaseBuilder->get()
#4 C:\xampp\htdocs\malogistics\malogistics1\system\BaseModel.php(714): CodeIgniter\Model->doFirst()
#5 C:\xampp\htdocs\malogistics\malogistics1\app\Models\UserModel.php(30): CodeIgniter\BaseModel->first()
#6 C:\xampp\htdocs\malogistics\malogistics1\app\Controllers\AuthController.php(21): App\Models\UserModel->attemptLogin(Array)
#7 C:\xampp\htdocs\malogistics\malogistics1\system\CodeIgniter.php(951): App\Controllers\AuthController->attemptLogin()
#8 C:\xampp\htdocs\malogistics\malogistics1\system\CodeIgniter.php(497): CodeIgniter\CodeIgniter->runController(Object(App\Controllers\AuthController))
#9 C:\xampp\htdocs\malogistics\malogistics1\system\CodeIgniter.php(340): CodeIgniter\CodeIgniter->handleRequest(NULL, Object(Config\Cache), false)
#10 C:\xampp\htdocs\malogistics\malogistics1\system\Boot.php(417): CodeIgniter\CodeIgniter->run()
#11 C:\xampp\htdocs\malogistics\malogistics1\system\Boot.php(68): CodeIgniter\Boot::runCodeIgniter(Object(CodeIgniter\CodeIgniter))
#12 C:\xampp\htdocs\malogistics\malogistics1\public\index.php(59): CodeIgniter\Boot::bootWeb(Object(Config\Paths))
#13 C:\xampp\htdocs\malogistics\malogistics1\system\rewrite.php(44): require_once('C:\\xampp\\htdocs...')
#14 {main}
CRITICAL - 2026-05-08 10:48:54 --> CodeIgniter\Database\Exceptions\DatabaseException: Unable to connect to the database.
Main connection [MySQLi]: Access denied for user ''@'localhost' (using password: NO)
[Method: POST, Route: auth/attemptLogin]
in SYSTEMPATH\Database\BaseConnection.php on line 606.
 1 SYSTEMPATH\Database\BaseConnection.php(795): CodeIgniter\Database\BaseConnection->initialize()
 2 SYSTEMPATH\Database\BaseBuilder.php(1649): CodeIgniter\Database\BaseConnection->query('SELECT *
FROM `users`
WHERE `username` = :username:
OR `email` = :email:
 LIMIT 1', [...], false)
 3 SYSTEMPATH\Model.php(295): CodeIgniter\Database\BaseBuilder->get()
 4 SYSTEMPATH\BaseModel.php(714): CodeIgniter\Model->doFirst()
 5 APPPATH\Models\UserModel.php(30): CodeIgniter\BaseModel->first()
 6 APPPATH\Controllers\AuthController.php(21): App\Models\UserModel->attemptLogin([...])
 7 SYSTEMPATH\CodeIgniter.php(951): App\Controllers\AuthController->attemptLogin()
 8 SYSTEMPATH\CodeIgniter.php(497): CodeIgniter\CodeIgniter->runController(Object(App\Controllers\AuthController))
 9 SYSTEMPATH\CodeIgniter.php(340): CodeIgniter\CodeIgniter->handleRequest(null, Object(Config\Cache), false)
10 SYSTEMPATH\Boot.php(417): CodeIgniter\CodeIgniter->run()
11 SYSTEMPATH\Boot.php(68): CodeIgniter\Boot::runCodeIgniter(Object(CodeIgniter\CodeIgniter))
12 FCPATH\index.php(59): CodeIgniter\Boot::bootWeb(Object(Config\Paths))
13 SYSTEMPATH\rewrite.php(44): require_once('C:\\xampp\\htdocs\\malogistics\\malogistics1\\public\\index.php')
ERROR - 2026-05-08 10:49:02 --> Error connecting to the database: mysqli_sql_exception: Access denied for user ''@'localhost' (using password: NO) in C:\xampp\htdocs\malogistics\malogistics1\system\Database\MySQLi\Connection.php:201
Stack trace:
#0 C:\xampp\htdocs\malogistics\malogistics1\system\Database\MySQLi\Connection.php(201): mysqli->real_connect('localhost', '', Object(SensitiveParameterValue), '', 3306, '', 0)
#1 C:\xampp\htdocs\malogistics\malogistics1\system\Database\BaseConnection.php(555): CodeIgniter\Database\MySQLi\Connection->connect(false)
#2 C:\xampp\htdocs\malogistics\malogistics1\system\Database\BaseConnection.php(795): CodeIgniter\Database\BaseConnection->initialize()
#3 C:\xampp\htdocs\malogistics\malogistics1\system\Database\BaseBuilder.php(1649): CodeIgniter\Database\BaseConnection->query('SELECT *\nFROM `...', Array, false)
#4 C:\xampp\htdocs\malogistics\malogistics1\system\Model.php(295): CodeIgniter\Database\BaseBuilder->get()
#5 C:\xampp\htdocs\malogistics\malogistics1\system\BaseModel.php(714): CodeIgniter\Model->doFirst()
#6 C:\xampp\htdocs\malogistics\malogistics1\app\Models\UserModel.php(30): CodeIgniter\BaseModel->first()
#7 C:\xampp\htdocs\malogistics\malogistics1\app\Controllers\AuthController.php(21): App\Models\UserModel->attemptLogin(Array)
#8 C:\xampp\htdocs\malogistics\malogistics1\system\CodeIgniter.php(951): App\Controllers\AuthController->attemptLogin()
#9 C:\xampp\htdocs\malogistics\malogistics1\system\CodeIgniter.php(497): CodeIgniter\CodeIgniter->runController(Object(App\Controllers\AuthController))
#10 C:\xampp\htdocs\malogistics\malogistics1\system\CodeIgniter.php(340): CodeIgniter\CodeIgniter->handleRequest(NULL, Object(Config\Cache), false)
#11 C:\xampp\htdocs\malogistics\malogistics1\system\Boot.php(417): CodeIgniter\CodeIgniter->run()
#12 C:\xampp\htdocs\malogistics\malogistics1\system\Boot.php(68): CodeIgniter\Boot::runCodeIgniter(Object(CodeIgniter\CodeIgniter))
#13 C:\xampp\htdocs\malogistics\malogistics1\public\index.php(59): CodeIgniter\Boot::bootWeb(Object(Config\Paths))
#14 C:\xampp\htdocs\malogistics\malogistics1\system\rewrite.php(44): require_once('C:\\xampp\\htdocs...')
#15 {main}

Next CodeIgniter\Database\Exceptions\DatabaseException: Access denied for user ''@'localhost' (using password: NO) in C:\xampp\htdocs\malogistics\malogistics1\system\Database\MySQLi\Connection.php:231
Stack trace:
#0 C:\xampp\htdocs\malogistics\malogistics1\system\Database\BaseConnection.php(555): CodeIgniter\Database\MySQLi\Connection->connect(false)
#1 C:\xampp\htdocs\malogistics\malogistics1\system\Database\BaseConnection.php(795): CodeIgniter\Database\BaseConnection->initialize()
#2 C:\xampp\htdocs\malogistics\malogistics1\system\Database\BaseBuilder.php(1649): CodeIgniter\Database\BaseConnection->query('SELECT *\nFROM `...', Array, false)
#3 C:\xampp\htdocs\malogistics\malogistics1\system\Model.php(295): CodeIgniter\Database\BaseBuilder->get()
#4 C:\xampp\htdocs\malogistics\malogistics1\system\BaseModel.php(714): CodeIgniter\Model->doFirst()
#5 C:\xampp\htdocs\malogistics\malogistics1\app\Models\UserModel.php(30): CodeIgniter\BaseModel->first()
#6 C:\xampp\htdocs\malogistics\malogistics1\app\Controllers\AuthController.php(21): App\Models\UserModel->attemptLogin(Array)
#7 C:\xampp\htdocs\malogistics\malogistics1\system\CodeIgniter.php(951): App\Controllers\AuthController->attemptLogin()
#8 C:\xampp\htdocs\malogistics\malogistics1\system\CodeIgniter.php(497): CodeIgniter\CodeIgniter->runController(Object(App\Controllers\AuthController))
#9 C:\xampp\htdocs\malogistics\malogistics1\system\CodeIgniter.php(340): CodeIgniter\CodeIgniter->handleRequest(NULL, Object(Config\Cache), false)
#10 C:\xampp\htdocs\malogistics\malogistics1\system\Boot.php(417): CodeIgniter\CodeIgniter->run()
#11 C:\xampp\htdocs\malogistics\malogistics1\system\Boot.php(68): CodeIgniter\Boot::runCodeIgniter(Object(CodeIgniter\CodeIgniter))
#12 C:\xampp\htdocs\malogistics\malogistics1\public\index.php(59): CodeIgniter\Boot::bootWeb(Object(Config\Paths))
#13 C:\xampp\htdocs\malogistics\malogistics1\system\rewrite.php(44): require_once('C:\\xampp\\htdocs...')
#14 {main}
CRITICAL - 2026-05-08 10:49:02 --> CodeIgniter\Database\Exceptions\DatabaseException: Unable to connect to the database.
Main connection [MySQLi]: Access denied for user ''@'localhost' (using password: NO)
[Method: POST, Route: auth/attemptLogin]
in SYSTEMPATH\Database\BaseConnection.php on line 606.
 1 SYSTEMPATH\Database\BaseConnection.php(795): CodeIgniter\Database\BaseConnection->initialize()
 2 SYSTEMPATH\Database\BaseBuilder.php(1649): CodeIgniter\Database\BaseConnection->query('SELECT *
FROM `users`
WHERE `username` = :username:
OR `email` = :email:
 LIMIT 1', [...], false)
 3 SYSTEMPATH\Model.php(295): CodeIgniter\Database\BaseBuilder->get()
 4 SYSTEMPATH\BaseModel.php(714): CodeIgniter\Model->doFirst()
 5 APPPATH\Models\UserModel.php(30): CodeIgniter\BaseModel->first()
 6 APPPATH\Controllers\AuthController.php(21): App\Models\UserModel->attemptLogin([...])
 7 SYSTEMPATH\CodeIgniter.php(951): App\Controllers\AuthController->attemptLogin()
 8 SYSTEMPATH\CodeIgniter.php(497): CodeIgniter\CodeIgniter->runController(Object(App\Controllers\AuthController))
 9 SYSTEMPATH\CodeIgniter.php(340): CodeIgniter\CodeIgniter->handleRequest(null, Object(Config\Cache), false)
10 SYSTEMPATH\Boot.php(417): CodeIgniter\CodeIgniter->run()
11 SYSTEMPATH\Boot.php(68): CodeIgniter\Boot::runCodeIgniter(Object(CodeIgniter\CodeIgniter))
12 FCPATH\index.php(59): CodeIgniter\Boot::bootWeb(Object(Config\Paths))
13 SYSTEMPATH\rewrite.php(44): require_once('C:\\xampp\\htdocs\\malogistics\\malogistics1\\public\\index.php')
ERROR - 2026-05-08 11:06:37 --> Error connecting to the database: mysqli_sql_exception: Access denied for user ''@'localhost' (using password: NO) in C:\xampp\htdocs\malogistics\malogistics1\system\Database\MySQLi\Connection.php:201
Stack trace:
#0 C:\xampp\htdocs\malogistics\malogistics1\system\Database\MySQLi\Connection.php(201): mysqli->real_connect('localhost', '', Object(SensitiveParameterValue), '', 3306, '', 0)
#1 C:\xampp\htdocs\malogistics\malogistics1\system\Database\BaseConnection.php(555): CodeIgniter\Database\MySQLi\Connection->connect(false)
#2 C:\xampp\htdocs\malogistics\malogistics1\system\Database\BaseConnection.php(795): CodeIgniter\Database\BaseConnection->initialize()
#3 C:\xampp\htdocs\malogistics\malogistics1\system\Database\BaseBuilder.php(1649): CodeIgniter\Database\BaseConnection->query('SELECT *\nFROM `...', Array, false)
#4 C:\xampp\htdocs\malogistics\malogistics1\system\Model.php(295): CodeIgniter\Database\BaseBuilder->get()
#5 C:\xampp\htdocs\malogistics\malogistics1\system\BaseModel.php(714): CodeIgniter\Model->doFirst()
#6 C:\xampp\htdocs\malogistics\malogistics1\app\Models\UserModel.php(30): CodeIgniter\BaseModel->first()
#7 C:\xampp\htdocs\malogistics\malogistics1\app\Controllers\AuthController.php(21): App\Models\UserModel->attemptLogin(Array)
#8 C:\xampp\htdocs\malogistics\malogistics1\system\CodeIgniter.php(951): App\Controllers\AuthController->attemptLogin()
#9 C:\xampp\htdocs\malogistics\malogistics1\system\CodeIgniter.php(497): CodeIgniter\CodeIgniter->runController(Object(App\Controllers\AuthController))
#10 C:\xampp\htdocs\malogistics\malogistics1\system\CodeIgniter.php(340): CodeIgniter\CodeIgniter->handleRequest(NULL, Object(Config\Cache), false)
#11 C:\xampp\htdocs\malogistics\malogistics1\system\Boot.php(417): CodeIgniter\CodeIgniter->run()
#12 C:\xampp\htdocs\malogistics\malogistics1\system\Boot.php(68): CodeIgniter\Boot::runCodeIgniter(Object(CodeIgniter\CodeIgniter))
#13 C:\xampp\htdocs\malogistics\malogistics1\public\index.php(59): CodeIgniter\Boot::bootWeb(Object(Config\Paths))
#14 C:\xampp\htdocs\malogistics\malogistics1\system\rewrite.php(44): require_once('C:\\xampp\\htdocs...')
#15 {main}

Next CodeIgniter\Database\Exceptions\DatabaseException: Access denied for user ''@'localhost' (using password: NO) in C:\xampp\htdocs\malogistics\malogistics1\system\Database\MySQLi\Connection.php:231
Stack trace:
#0 C:\xampp\htdocs\malogistics\malogistics1\system\Database\BaseConnection.php(555): CodeIgniter\Database\MySQLi\Connection->connect(false)
#1 C:\xampp\htdocs\malogistics\malogistics1\system\Database\BaseConnection.php(795): CodeIgniter\Database\BaseConnection->initialize()
#2 C:\xampp\htdocs\malogistics\malogistics1\system\Database\BaseBuilder.php(1649): CodeIgniter\Database\BaseConnection->query('SELECT *\nFROM `...', Array, false)
#3 C:\xampp\htdocs\malogistics\malogistics1\system\Model.php(295): CodeIgniter\Database\BaseBuilder->get()
#4 C:\xampp\htdocs\malogistics\malogistics1\system\BaseModel.php(714): CodeIgniter\Model->doFirst()
#5 C:\xampp\htdocs\malogistics\malogistics1\app\Models\UserModel.php(30): CodeIgniter\BaseModel->first()
#6 C:\xampp\htdocs\malogistics\malogistics1\app\Controllers\AuthController.php(21): App\Models\UserModel->attemptLogin(Array)
#7 C:\xampp\htdocs\malogistics\malogistics1\system\CodeIgniter.php(951): App\Controllers\AuthController->attemptLogin()
#8 C:\xampp\htdocs\malogistics\malogistics1\system\CodeIgniter.php(497): CodeIgniter\CodeIgniter->runController(Object(App\Controllers\AuthController))
#9 C:\xampp\htdocs\malogistics\malogistics1\system\CodeIgniter.php(340): CodeIgniter\CodeIgniter->handleRequest(NULL, Object(Config\Cache), false)
#10 C:\xampp\htdocs\malogistics\malogistics1\system\Boot.php(417): CodeIgniter\CodeIgniter->run()
#11 C:\xampp\htdocs\malogistics\malogistics1\system\Boot.php(68): CodeIgniter\Boot::runCodeIgniter(Object(CodeIgniter\CodeIgniter))
#12 C:\xampp\htdocs\malogistics\malogistics1\public\index.php(59): CodeIgniter\Boot::bootWeb(Object(Config\Paths))
#13 C:\xampp\htdocs\malogistics\malogistics1\system\rewrite.php(44): require_once('C:\\xampp\\htdocs...')
#14 {main}
CRITICAL - 2026-05-08 11:06:37 --> CodeIgniter\Database\Exceptions\DatabaseException: Unable to connect to the database.
Main connection [MySQLi]: Access denied for user ''@'localhost' (using password: NO)
[Method: POST, Route: auth/attemptLogin]
in SYSTEMPATH\Database\BaseConnection.php on line 606.
 1 SYSTEMPATH\Database\BaseConnection.php(795): CodeIgniter\Database\BaseConnection->initialize()
 2 SYSTEMPATH\Database\BaseBuilder.php(1649): CodeIgniter\Database\BaseConnection->query('SELECT *
FROM `users`
WHERE `username` = :username:
OR `email` = :email:
 LIMIT 1', [...], false)
 3 SYSTEMPATH\Model.php(295): CodeIgniter\Database\BaseBuilder->get()
 4 SYSTEMPATH\BaseModel.php(714): CodeIgniter\Model->doFirst()
 5 APPPATH\Models\UserModel.php(30): CodeIgniter\BaseModel->first()
 6 APPPATH\Controllers\AuthController.php(21): App\Models\UserModel->attemptLogin([...])
 7 SYSTEMPATH\CodeIgniter.php(951): App\Controllers\AuthController->attemptLogin()
 8 SYSTEMPATH\CodeIgniter.php(497): CodeIgniter\CodeIgniter->runController(Object(App\Controllers\AuthController))
 9 SYSTEMPATH\CodeIgniter.php(340): CodeIgniter\CodeIgniter->handleRequest(null, Object(Config\Cache), false)
10 SYSTEMPATH\Boot.php(417): CodeIgniter\CodeIgniter->run()
11 SYSTEMPATH\Boot.php(68): CodeIgniter\Boot::runCodeIgniter(Object(CodeIgniter\CodeIgniter))
12 FCPATH\index.php(59): CodeIgniter\Boot::bootWeb(Object(Config\Paths))
13 SYSTEMPATH\rewrite.php(44): require_once('C:\\xampp\\htdocs\\malogistics\\malogistics1\\public\\index.php')
CRITICAL - 2026-05-08 11:13:50 --> CodeIgniter\View\Exceptions\ViewException: Invalid file: "logistics/booking_form.php"
[Method: GET, Route: logistics/create]
in SYSTEMPATH\Exceptions\FrameworkException.php on line 39.
 1 SYSTEMPATH\View\View.php(228): CodeIgniter\Exceptions\FrameworkException::forInvalidFile('logistics/booking_form.php')
 2 SYSTEMPATH\Common.php(1250): CodeIgniter\View\View->render('logistics/booking_form', [], true)
 3 APPPATH\Controllers\Logistics.php(54): view('logistics/booking_form', [...])
 4 SYSTEMPATH\CodeIgniter.php(951): App\Controllers\Logistics->create()
 5 SYSTEMPATH\CodeIgniter.php(497): CodeIgniter\CodeIgniter->runController(Object(App\Controllers\Logistics))
 6 SYSTEMPATH\CodeIgniter.php(340): CodeIgniter\CodeIgniter->handleRequest(null, Object(Config\Cache), false)
 7 SYSTEMPATH\Boot.php(417): CodeIgniter\CodeIgniter->run()
 8 SYSTEMPATH\Boot.php(68): CodeIgniter\Boot::runCodeIgniter(Object(CodeIgniter\CodeIgniter))
 9 FCPATH\index.php(59): CodeIgniter\Boot::bootWeb(Object(Config\Paths))
10 SYSTEMPATH\rewrite.php(44): require_once('C:\\xampp\\htdocs\\malogistics\\malogistics1\\public\\index.php')
ERROR - 2026-05-08 11:14:47 --> Unknown column 'updated_at' in 'field list'
in SYSTEMPATH\Database\MySQLi\Connection.php on line 300.
 1 SYSTEMPATH\Database\MySQLi\Connection.php(300): mysqli->query('INSERT INTO `users` (`username`, `email`, `password`, `role`, `can_create`, `can_edit`, `can_delete`, `created_at`, `updated_at`) VALUES (\'user2\', \'user2@malogistics.com\', \'$2y$10$0E0cJJfIUFP8CA/Npo/3KOgnTRV8tjB6ccJQgUt1Sm9zw8SO/SRt6\', \'user\', 1, 1, 0, \'2026-05-08 11:14:47\', \'2026-05-08 11:14:47\')', 0)
 2 SYSTEMPATH\Database\BaseConnection.php(910): CodeIgniter\Database\MySQLi\Connection->execute('INSERT INTO `users` (`username`, `email`, `password`, `role`, `can_create`, `can_edit`, `can_delete`, `created_at`, `updated_at`) VALUES (\'user2\', \'user2@malogistics.com\', \'$2y$10$0E0cJJfIUFP8CA/Npo/3KOgnTRV8tjB6ccJQgUt1Sm9zw8SO/SRt6\', \'user\', 1, 1, 0, \'2026-05-08 11:14:47\', \'2026-05-08 11:14:47\')')
 3 SYSTEMPATH\Database\BaseConnection.php(827): CodeIgniter\Database\BaseConnection->simpleQuery('INSERT INTO `users` (`username`, `email`, `password`, `role`, `can_create`, `can_edit`, `can_delete`, `created_at`, `updated_at`) VALUES (\'user2\', \'user2@malogistics.com\', \'$2y$10$0E0cJJfIUFP8CA/Npo/3KOgnTRV8tjB6ccJQgUt1Sm9zw8SO/SRt6\', \'user\', 1, 1, 0, \'2026-05-08 11:14:47\', \'2026-05-08 11:14:47\')')
 4 SYSTEMPATH\Database\BaseBuilder.php(2345): CodeIgniter\Database\BaseConnection->query('INSERT INTO `users` (`username`, `email`, `password`, `role`, `can_create`, `can_edit`, `can_delete`, `created_at`, `updated_at`) VALUES (:username:, :email:, :password:, :role:, :can_create:, :can_edit:, :can_delete:, :created_at:, :updated_at:)', [...], false)
 5 SYSTEMPATH\Model.php(355): CodeIgniter\Database\BaseBuilder->insert()
 6 SYSTEMPATH\BaseModel.php(899): CodeIgniter\Model->doInsert([...])
 7 SYSTEMPATH\Model.php(668): CodeIgniter\BaseModel->insert([...], true)
 8 APPPATH\Controllers\AdminController.php(52): CodeIgniter\Model->insert([...])
 9 SYSTEMPATH\CodeIgniter.php(951): App\Controllers\AdminController->createUser()
10 SYSTEMPATH\CodeIgniter.php(497): CodeIgniter\CodeIgniter->runController(Object(App\Controllers\AdminController))
11 SYSTEMPATH\CodeIgniter.php(340): CodeIgniter\CodeIgniter->handleRequest(null, Object(Config\Cache), false)
12 SYSTEMPATH\Boot.php(417): CodeIgniter\CodeIgniter->run()
13 SYSTEMPATH\Boot.php(68): CodeIgniter\Boot::runCodeIgniter(Object(CodeIgniter\CodeIgniter))
14 FCPATH\index.php(59): CodeIgniter\Boot::bootWeb(Object(Config\Paths))
15 SYSTEMPATH\rewrite.php(44): require_once('C:\\xampp\\htdocs\\malogistics\\malogistics1\\public\\index.php')
CRITICAL - 2026-05-08 11:14:47 --> CodeIgniter\Database\Exceptions\DatabaseException: Unknown column 'updated_at' in 'field list'
[Method: POST, Route: admin/createUser]
in SYSTEMPATH\Database\BaseConnection.php on line 865.
 1 SYSTEMPATH\Database\BaseBuilder.php(2345): CodeIgniter\Database\BaseConnection->query('INSERT INTO `users` (`username`, `email`, `password`, `role`, `can_create`, `can_edit`, `can_delete`, `created_at`, `updated_at`) VALUES (:username:, :email:, :password:, :role:, :can_create:, :can_edit:, :can_delete:, :created_at:, :updated_at:)', [...], false)
 2 SYSTEMPATH\Model.php(355): CodeIgniter\Database\BaseBuilder->insert()
 3 SYSTEMPATH\BaseModel.php(899): CodeIgniter\Model->doInsert([...])
 4 SYSTEMPATH\Model.php(668): CodeIgniter\BaseModel->insert([...], true)
 5 APPPATH\Controllers\AdminController.php(52): CodeIgniter\Model->insert([...])
 6 SYSTEMPATH\CodeIgniter.php(951): App\Controllers\AdminController->createUser()
 7 SYSTEMPATH\CodeIgniter.php(497): CodeIgniter\CodeIgniter->runController(Object(App\Controllers\AdminController))
 8 SYSTEMPATH\CodeIgniter.php(340): CodeIgniter\CodeIgniter->handleRequest(null, Object(Config\Cache), false)
 9 SYSTEMPATH\Boot.php(417): CodeIgniter\CodeIgniter->run()
10 SYSTEMPATH\Boot.php(68): CodeIgniter\Boot::runCodeIgniter(Object(CodeIgniter\CodeIgniter))
11 FCPATH\index.php(59): CodeIgniter\Boot::bootWeb(Object(Config\Paths))
12 SYSTEMPATH\rewrite.php(44): require_once('C:\\xampp\\htdocs\\malogistics\\malogistics1\\public\\index.php')
CRITICAL - 2026-05-08 11:14:47 --> [Caused by] CodeIgniter\Database\Exceptions\DatabaseException: Unknown column 'updated_at' in 'field list'
in SYSTEMPATH\Database\MySQLi\Connection.php on line 310.
 1 SYSTEMPATH\Database\BaseConnection.php(910): CodeIgniter\Database\MySQLi\Connection->execute('INSERT INTO `users` (`username`, `email`, `password`, `role`, `can_create`, `can_edit`, `can_delete`, `created_at`, `updated_at`) VALUES (\'user2\', \'user2@malogistics.com\', \'$2y$10$0E0cJJfIUFP8CA/Npo/3KOgnTRV8tjB6ccJQgUt1Sm9zw8SO/SRt6\', \'user\', 1, 1, 0, \'2026-05-08 11:14:47\', \'2026-05-08 11:14:47\')')
 2 SYSTEMPATH\Database\BaseConnection.php(827): CodeIgniter\Database\BaseConnection->simpleQuery('INSERT INTO `users` (`username`, `email`, `password`, `role`, `can_create`, `can_edit`, `can_delete`, `created_at`, `updated_at`) VALUES (\'user2\', \'user2@malogistics.com\', \'$2y$10$0E0cJJfIUFP8CA/Npo/3KOgnTRV8tjB6ccJQgUt1Sm9zw8SO/SRt6\', \'user\', 1, 1, 0, \'2026-05-08 11:14:47\', \'2026-05-08 11:14:47\')')
 3 SYSTEMPATH\Database\BaseBuilder.php(2345): CodeIgniter\Database\BaseConnection->query('INSERT INTO `users` (`username`, `email`, `password`, `role`, `can_create`, `can_edit`, `can_delete`, `created_at`, `updated_at`) VALUES (:username:, :email:, :password:, :role:, :can_create:, :can_edit:, :can_delete:, :created_at:, :updated_at:)', [...], false)
 4 SYSTEMPATH\Model.php(355): CodeIgniter\Database\BaseBuilder->insert()
 5 SYSTEMPATH\BaseModel.php(899): CodeIgniter\Model->doInsert([...])
 6 SYSTEMPATH\Model.php(668): CodeIgniter\BaseModel->insert([...], true)
 7 APPPATH\Controllers\AdminController.php(52): CodeIgniter\Model->insert([...])
 8 SYSTEMPATH\CodeIgniter.php(951): App\Controllers\AdminController->createUser()
 9 SYSTEMPATH\CodeIgniter.php(497): CodeIgniter\CodeIgniter->runController(Object(App\Controllers\AdminController))
10 SYSTEMPATH\CodeIgniter.php(340): CodeIgniter\CodeIgniter->handleRequest(null, Object(Config\Cache), false)
11 SYSTEMPATH\Boot.php(417): CodeIgniter\CodeIgniter->run()
12 SYSTEMPATH\Boot.php(68): CodeIgniter\Boot::runCodeIgniter(Object(CodeIgniter\CodeIgniter))
13 FCPATH\index.php(59): CodeIgniter\Boot::bootWeb(Object(Config\Paths))
14 SYSTEMPATH\rewrite.php(44): require_once('C:\\xampp\\htdocs\\malogistics\\malogistics1\\public\\index.php')
CRITICAL - 2026-05-08 11:14:47 --> [Caused by] mysqli_sql_exception: Unknown column 'updated_at' in 'field list'
in SYSTEMPATH\Database\MySQLi\Connection.php on line 300.
 1 SYSTEMPATH\Database\MySQLi\Connection.php(300): mysqli->query('INSERT INTO `users` (`username`, `email`, `password`, `role`, `can_create`, `can_edit`, `can_delete`, `created_at`, `updated_at`) VALUES (\'user2\', \'user2@malogistics.com\', \'$2y$10$0E0cJJfIUFP8CA/Npo/3KOgnTRV8tjB6ccJQgUt1Sm9zw8SO/SRt6\', \'user\', 1, 1, 0, \'2026-05-08 11:14:47\', \'2026-05-08 11:14:47\')', 0)
 2 SYSTEMPATH\Database\BaseConnection.php(910): CodeIgniter\Database\MySQLi\Connection->execute('INSERT INTO `users` (`username`, `email`, `password`, `role`, `can_create`, `can_edit`, `can_delete`, `created_at`, `updated_at`) VALUES (\'user2\', \'user2@malogistics.com\', \'$2y$10$0E0cJJfIUFP8CA/Npo/3KOgnTRV8tjB6ccJQgUt1Sm9zw8SO/SRt6\', \'user\', 1, 1, 0, \'2026-05-08 11:14:47\', \'2026-05-08 11:14:47\')')
 3 SYSTEMPATH\Database\BaseConnection.php(827): CodeIgniter\Database\BaseConnection->simpleQuery('INSERT INTO `users` (`username`, `email`, `password`, `role`, `can_create`, `can_edit`, `can_delete`, `created_at`, `updated_at`) VALUES (\'user2\', \'user2@malogistics.com\', \'$2y$10$0E0cJJfIUFP8CA/Npo/3KOgnTRV8tjB6ccJQgUt1Sm9zw8SO/SRt6\', \'user\', 1, 1, 0, \'2026-05-08 11:14:47\', \'2026-05-08 11:14:47\')')
 4 SYSTEMPATH\Database\BaseBuilder.php(2345): CodeIgniter\Database\BaseConnection->query('INSERT INTO `users` (`username`, `email`, `password`, `role`, `can_create`, `can_edit`, `can_delete`, `created_at`, `updated_at`) VALUES (:username:, :email:, :password:, :role:, :can_create:, :can_edit:, :can_delete:, :created_at:, :updated_at:)', [...], false)
 5 SYSTEMPATH\Model.php(355): CodeIgniter\Database\BaseBuilder->insert()
 6 SYSTEMPATH\BaseModel.php(899): CodeIgniter\Model->doInsert([...])
 7 SYSTEMPATH\Model.php(668): CodeIgniter\BaseModel->insert([...], true)
 8 APPPATH\Controllers\AdminController.php(52): CodeIgniter\Model->insert([...])
 9 SYSTEMPATH\CodeIgniter.php(951): App\Controllers\AdminController->createUser()
10 SYSTEMPATH\CodeIgniter.php(497): CodeIgniter\CodeIgniter->runController(Object(App\Controllers\AdminController))
11 SYSTEMPATH\CodeIgniter.php(340): CodeIgniter\CodeIgniter->handleRequest(null, Object(Config\Cache), false)
12 SYSTEMPATH\Boot.php(417): CodeIgniter\CodeIgniter->run()
13 SYSTEMPATH\Boot.php(68): CodeIgniter\Boot::runCodeIgniter(Object(CodeIgniter\CodeIgniter))
14 FCPATH\index.php(59): CodeIgniter\Boot::bootWeb(Object(Config\Paths))
15 SYSTEMPATH\rewrite.php(44): require_once('C:\\xampp\\htdocs\\malogistics\\malogistics1\\public\\index.php')
CRITICAL - 2026-05-08 11:21:01 --> CodeIgniter\View\Exceptions\ViewException: Invalid file: "logistics/booking_form.php"
[Method: GET, Route: logistics/create]
in SYSTEMPATH\Exceptions\FrameworkException.php on line 39.
 1 SYSTEMPATH\View\View.php(228): CodeIgniter\Exceptions\FrameworkException::forInvalidFile('logistics/booking_form.php')
 2 SYSTEMPATH\Common.php(1250): CodeIgniter\View\View->render('logistics/booking_form', [], true)
 3 APPPATH\Controllers\Logistics.php(54): view('logistics/booking_form', [...])
 4 SYSTEMPATH\CodeIgniter.php(951): App\Controllers\Logistics->create()
 5 SYSTEMPATH\CodeIgniter.php(497): CodeIgniter\CodeIgniter->runController(Object(App\Controllers\Logistics))
 6 SYSTEMPATH\CodeIgniter.php(340): CodeIgniter\CodeIgniter->handleRequest(null, Object(Config\Cache), false)
 7 SYSTEMPATH\Boot.php(417): CodeIgniter\CodeIgniter->run()
 8 SYSTEMPATH\Boot.php(68): CodeIgniter\Boot::runCodeIgniter(Object(CodeIgniter\CodeIgniter))
 9 FCPATH\index.php(59): CodeIgniter\Boot::bootWeb(Object(Config\Paths))
10 SYSTEMPATH\rewrite.php(44): require_once('C:\\xampp\\htdocs\\malogistics\\malogistics1\\public\\index.php')
CRITICAL - 2026-05-08 12:04:53 --> Error: Class "App\Models\ShipmentItemModel" not found
[Method: POST, Route: logistics/store]
in APPPATH\Controllers\Logistics.php on line 62.
 1 SYSTEMPATH\CodeIgniter.php(951): App\Controllers\Logistics->store()
 2 SYSTEMPATH\CodeIgniter.php(497): CodeIgniter\CodeIgniter->runController(Object(App\Controllers\Logistics))
 3 SYSTEMPATH\CodeIgniter.php(340): CodeIgniter\CodeIgniter->handleRequest(null, Object(Config\Cache), false)
 4 SYSTEMPATH\Boot.php(417): CodeIgniter\CodeIgniter->run()
 5 SYSTEMPATH\Boot.php(68): CodeIgniter\Boot::runCodeIgniter(Object(CodeIgniter\CodeIgniter))
 6 FCPATH\index.php(59): CodeIgniter\Boot::bootWeb(Object(Config\Paths))
 7 SYSTEMPATH\rewrite.php(44): require_once('C:\\xampp\\htdocs\\malogistics\\malogistics1\\public\\index.php')
ERROR - 2026-05-08 12:15:43 --> Unknown column 'updated_at' in 'field list'
in SYSTEMPATH\Database\MySQLi\Connection.php on line 300.
 1 SYSTEMPATH\Database\MySQLi\Connection.php(300): mysqli->query('INSERT INTO `bookings` (`awb_no`, `company_id`, `booking_date`, `origin`, `destination`, `mode_transport`, `material_type`, `material_details`, `material_category`, `driver_name`, `driver_mobile`, `vehicle_no`, `total_pieces`, `flight_number`, `airlines`, `created_by`, `created_at`, `updated_at`) VALUES (\'15112345672\', \'2\', NULL, NULL, NULL, NULL, NULL, NULL, NULL, NULL, NULL, NULL, NULL, NULL, NULL, \'1\', \'2026-05-08 12:15:43\', \'2026-05-08 12:15:43\')', 0)
 2 SYSTEMPATH\Database\BaseConnection.php(910): CodeIgniter\Database\MySQLi\Connection->execute('INSERT INTO `bookings` (`awb_no`, `company_id`, `booking_date`, `origin`, `destination`, `mode_transport`, `material_type`, `material_details`, `material_category`, `driver_name`, `driver_mobile`, `vehicle_no`, `total_pieces`, `flight_number`, `airlines`, `created_by`, `created_at`, `updated_at`) VALUES (\'15112345672\', \'2\', NULL, NULL, NULL, NULL, NULL, NULL, NULL, NULL, NULL, NULL, NULL, NULL, NULL, \'1\', \'2026-05-08 12:15:43\', \'2026-05-08 12:15:43\')')
 3 SYSTEMPATH\Database\BaseConnection.php(827): CodeIgniter\Database\BaseConnection->simpleQuery('INSERT INTO `bookings` (`awb_no`, `company_id`, `booking_date`, `origin`, `destination`, `mode_transport`, `material_type`, `material_details`, `material_category`, `driver_name`, `driver_mobile`, `vehicle_no`, `total_pieces`, `flight_number`, `airlines`, `created_by`, `created_at`, `updated_at`) VALUES (\'15112345672\', \'2\', NULL, NULL, NULL, NULL, NULL, NULL, NULL, NULL, NULL, NULL, NULL, NULL, NULL, \'1\', \'2026-05-08 12:15:43\', \'2026-05-08 12:15:43\')')
 4 SYSTEMPATH\Database\BaseBuilder.php(2345): CodeIgniter\Database\BaseConnection->query('INSERT INTO `bookings` (`awb_no`, `company_id`, `booking_date`, `origin`, `destination`, `mode_transport`, `material_type`, `material_details`, `material_category`, `driver_name`, `driver_mobile`, `vehicle_no`, `total_pieces`, `flight_number`, `airlines`, `created_by`, `created_at`, `updated_at`) VALUES (:awb_no:, :company_id:, :booking_date:, :origin:, :destination:, :mode_transport:, :material_type:, :material_details:, :material_category:, :driver_name:, :driver_mobile:, :vehicle_no:, :total_pieces:, :flight_number:, :airlines:, :created_by:, :created_at:, :updated_at:)', [...], false)
 5 SYSTEMPATH\Model.php(355): CodeIgniter\Database\BaseBuilder->insert()
 6 SYSTEMPATH\BaseModel.php(899): CodeIgniter\Model->doInsert([...])
 7 SYSTEMPATH\Model.php(668): CodeIgniter\BaseModel->insert([...], true)
 8 APPPATH\Controllers\Logistics.php(84): CodeIgniter\Model->insert([...])
 9 SYSTEMPATH\CodeIgniter.php(951): App\Controllers\Logistics->store()
10 SYSTEMPATH\CodeIgniter.php(497): CodeIgniter\CodeIgniter->runController(Object(App\Controllers\Logistics))
11 SYSTEMPATH\CodeIgniter.php(340): CodeIgniter\CodeIgniter->handleRequest(null, Object(Config\Cache), false)
12 SYSTEMPATH\Boot.php(417): CodeIgniter\CodeIgniter->run()
13 SYSTEMPATH\Boot.php(68): CodeIgniter\Boot::runCodeIgniter(Object(CodeIgniter\CodeIgniter))
14 FCPATH\index.php(59): CodeIgniter\Boot::bootWeb(Object(Config\Paths))
15 SYSTEMPATH\rewrite.php(44): require_once('C:\\xampp\\htdocs\\malogistics\\malogistics1\\public\\index.php')
CRITICAL - 2026-05-08 12:15:43 --> CodeIgniter\Database\Exceptions\DatabaseException: Unknown column 'updated_at' in 'field list'
[Method: POST, Route: logistics/store]
in SYSTEMPATH\Database\BaseConnection.php on line 865.
 1 SYSTEMPATH\Database\BaseBuilder.php(2345): CodeIgniter\Database\BaseConnection->query('INSERT INTO `bookings` (`awb_no`, `company_id`, `booking_date`, `origin`, `destination`, `mode_transport`, `material_type`, `material_details`, `material_category`, `driver_name`, `driver_mobile`, `vehicle_no`, `total_pieces`, `flight_number`, `airlines`, `created_by`, `created_at`, `updated_at`) VALUES (:awb_no:, :company_id:, :booking_date:, :origin:, :destination:, :mode_transport:, :material_type:, :material_details:, :material_category:, :driver_name:, :driver_mobile:, :vehicle_no:, :total_pieces:, :flight_number:, :airlines:, :created_by:, :created_at:, :updated_at:)', [...], false)
 2 SYSTEMPATH\Model.php(355): CodeIgniter\Database\BaseBuilder->insert()
 3 SYSTEMPATH\BaseModel.php(899): CodeIgniter\Model->doInsert([...])
 4 SYSTEMPATH\Model.php(668): CodeIgniter\BaseModel->insert([...], true)
 5 APPPATH\Controllers\Logistics.php(84): CodeIgniter\Model->insert([...])
 6 SYSTEMPATH\CodeIgniter.php(951): App\Controllers\Logistics->store()
 7 SYSTEMPATH\CodeIgniter.php(497): CodeIgniter\CodeIgniter->runController(Object(App\Controllers\Logistics))
 8 SYSTEMPATH\CodeIgniter.php(340): CodeIgniter\CodeIgniter->handleRequest(null, Object(Config\Cache), false)
 9 SYSTEMPATH\Boot.php(417): CodeIgniter\CodeIgniter->run()
10 SYSTEMPATH\Boot.php(68): CodeIgniter\Boot::runCodeIgniter(Object(CodeIgniter\CodeIgniter))
11 FCPATH\index.php(59): CodeIgniter\Boot::bootWeb(Object(Config\Paths))
12 SYSTEMPATH\rewrite.php(44): require_once('C:\\xampp\\htdocs\\malogistics\\malogistics1\\public\\index.php')
CRITICAL - 2026-05-08 12:15:43 --> [Caused by] CodeIgniter\Database\Exceptions\DatabaseException: Unknown column 'updated_at' in 'field list'
in SYSTEMPATH\Database\MySQLi\Connection.php on line 310.
 1 SYSTEMPATH\Database\BaseConnection.php(910): CodeIgniter\Database\MySQLi\Connection->execute('INSERT INTO `bookings` (`awb_no`, `company_id`, `booking_date`, `origin`, `destination`, `mode_transport`, `material_type`, `material_details`, `material_category`, `driver_name`, `driver_mobile`, `vehicle_no`, `total_pieces`, `flight_number`, `airlines`, `created_by`, `created_at`, `updated_at`) VALUES (\'15112345672\', \'2\', NULL, NULL, NULL, NULL, NULL, NULL, NULL, NULL, NULL, NULL, NULL, NULL, NULL, \'1\', \'2026-05-08 12:15:43\', \'2026-05-08 12:15:43\')')
 2 SYSTEMPATH\Database\BaseConnection.php(827): CodeIgniter\Database\BaseConnection->simpleQuery('INSERT INTO `bookings` (`awb_no`, `company_id`, `booking_date`, `origin`, `destination`, `mode_transport`, `material_type`, `material_details`, `material_category`, `driver_name`, `driver_mobile`, `vehicle_no`, `total_pieces`, `flight_number`, `airlines`, `created_by`, `created_at`, `updated_at`) VALUES (\'15112345672\', \'2\', NULL, NULL, NULL, NULL, NULL, NULL, NULL, NULL, NULL, NULL, NULL, NULL, NULL, \'1\', \'2026-05-08 12:15:43\', \'2026-05-08 12:15:43\')')
 3 SYSTEMPATH\Database\BaseBuilder.php(2345): CodeIgniter\Database\BaseConnection->query('INSERT INTO `bookings` (`awb_no`, `company_id`, `booking_date`, `origin`, `destination`, `mode_transport`, `material_type`, `material_details`, `material_category`, `driver_name`, `driver_mobile`, `vehicle_no`, `total_pieces`, `flight_number`, `airlines`, `created_by`, `created_at`, `updated_at`) VALUES (:awb_no:, :company_id:, :booking_date:, :origin:, :destination:, :mode_transport:, :material_type:, :material_details:, :material_category:, :driver_name:, :driver_mobile:, :vehicle_no:, :total_pieces:, :flight_number:, :airlines:, :created_by:, :created_at:, :updated_at:)', [...], false)
 4 SYSTEMPATH\Model.php(355): CodeIgniter\Database\BaseBuilder->insert()
 5 SYSTEMPATH\BaseModel.php(899): CodeIgniter\Model->doInsert([...])
 6 SYSTEMPATH\Model.php(668): CodeIgniter\BaseModel->insert([...], true)
 7 APPPATH\Controllers\Logistics.php(84): CodeIgniter\Model->insert([...])
 8 SYSTEMPATH\CodeIgniter.php(951): App\Controllers\Logistics->store()
 9 SYSTEMPATH\CodeIgniter.php(497): CodeIgniter\CodeIgniter->runController(Object(App\Controllers\Logistics))
10 SYSTEMPATH\CodeIgniter.php(340): CodeIgniter\CodeIgniter->handleRequest(null, Object(Config\Cache), false)
11 SYSTEMPATH\Boot.php(417): CodeIgniter\CodeIgniter->run()
12 SYSTEMPATH\Boot.php(68): CodeIgniter\Boot::runCodeIgniter(Object(CodeIgniter\CodeIgniter))
13 FCPATH\index.php(59): CodeIgniter\Boot::bootWeb(Object(Config\Paths))
14 SYSTEMPATH\rewrite.php(44): require_once('C:\\xampp\\htdocs\\malogistics\\malogistics1\\public\\index.php')
CRITICAL - 2026-05-08 12:15:43 --> [Caused by] mysqli_sql_exception: Unknown column 'updated_at' in 'field list'
in SYSTEMPATH\Database\MySQLi\Connection.php on line 300.
 1 SYSTEMPATH\Database\MySQLi\Connection.php(300): mysqli->query('INSERT INTO `bookings` (`awb_no`, `company_id`, `booking_date`, `origin`, `destination`, `mode_transport`, `material_type`, `material_details`, `material_category`, `driver_name`, `driver_mobile`, `vehicle_no`, `total_pieces`, `flight_number`, `airlines`, `created_by`, `created_at`, `updated_at`) VALUES (\'15112345672\', \'2\', NULL, NULL, NULL, NULL, NULL, NULL, NULL, NULL, NULL, NULL, NULL, NULL, NULL, \'1\', \'2026-05-08 12:15:43\', \'2026-05-08 12:15:43\')', 0)
 2 SYSTEMPATH\Database\BaseConnection.php(910): CodeIgniter\Database\MySQLi\Connection->execute('INSERT INTO `bookings` (`awb_no`, `company_id`, `booking_date`, `origin`, `destination`, `mode_transport`, `material_type`, `material_details`, `material_category`, `driver_name`, `driver_mobile`, `vehicle_no`, `total_pieces`, `flight_number`, `airlines`, `created_by`, `created_at`, `updated_at`) VALUES (\'15112345672\', \'2\', NULL, NULL, NULL, NULL, NULL, NULL, NULL, NULL, NULL, NULL, NULL, NULL, NULL, \'1\', \'2026-05-08 12:15:43\', \'2026-05-08 12:15:43\')')
 3 SYSTEMPATH\Database\BaseConnection.php(827): CodeIgniter\Database\BaseConnection->simpleQuery('INSERT INTO `bookings` (`awb_no`, `company_id`, `booking_date`, `origin`, `destination`, `mode_transport`, `material_type`, `material_details`, `material_category`, `driver_name`, `driver_mobile`, `vehicle_no`, `total_pieces`, `flight_number`, `airlines`, `created_by`, `created_at`, `updated_at`) VALUES (\'15112345672\', \'2\', NULL, NULL, NULL, NULL, NULL, NULL, NULL, NULL, NULL, NULL, NULL, NULL, NULL, \'1\', \'2026-05-08 12:15:43\', \'2026-05-08 12:15:43\')')
 4 SYSTEMPATH\Database\BaseBuilder.php(2345): CodeIgniter\Database\BaseConnection->query('INSERT INTO `bookings` (`awb_no`, `company_id`, `booking_date`, `origin`, `destination`, `mode_transport`, `material_type`, `material_details`, `material_category`, `driver_name`, `driver_mobile`, `vehicle_no`, `total_pieces`, `flight_number`, `airlines`, `created_by`, `created_at`, `updated_at`) VALUES (:awb_no:, :company_id:, :booking_date:, :origin:, :destination:, :mode_transport:, :material_type:, :material_details:, :material_category:, :driver_name:, :driver_mobile:, :vehicle_no:, :total_pieces:, :flight_number:, :airlines:, :created_by:, :created_at:, :updated_at:)', [...], false)
 5 SYSTEMPATH\Model.php(355): CodeIgniter\Database\BaseBuilder->insert()
 6 SYSTEMPATH\BaseModel.php(899): CodeIgniter\Model->doInsert([...])
 7 SYSTEMPATH\Model.php(668): CodeIgniter\BaseModel->insert([...], true)
 8 APPPATH\Controllers\Logistics.php(84): CodeIgniter\Model->insert([...])
 9 SYSTEMPATH\CodeIgniter.php(951): App\Controllers\Logistics->store()
10 SYSTEMPATH\CodeIgniter.php(497): CodeIgniter\CodeIgniter->runController(Object(App\Controllers\Logistics))
11 SYSTEMPATH\CodeIgniter.php(340): CodeIgniter\CodeIgniter->handleRequest(null, Object(Config\Cache), false)
12 SYSTEMPATH\Boot.php(417): CodeIgniter\CodeIgniter->run()
13 SYSTEMPATH\Boot.php(68): CodeIgniter\Boot::runCodeIgniter(Object(CodeIgniter\CodeIgniter))
14 FCPATH\index.php(59): CodeIgniter\Boot::bootWeb(Object(Config\Paths))
15 SYSTEMPATH\rewrite.php(44): require_once('C:\\xampp\\htdocs\\malogistics\\malogistics1\\public\\index.php')
ERROR - 2026-05-08 12:15:47 --> Unknown column 'updated_at' in 'field list'
in SYSTEMPATH\Database\MySQLi\Connection.php on line 300.
 1 SYSTEMPATH\Database\MySQLi\Connection.php(300): mysqli->query('INSERT INTO `bookings` (`awb_no`, `company_id`, `booking_date`, `origin`, `destination`, `mode_transport`, `material_type`, `material_details`, `material_category`, `driver_name`, `driver_mobile`, `vehicle_no`, `total_pieces`, `flight_number`, `airlines`, `created_by`, `created_at`, `updated_at`) VALUES (\'15112345672\', \'2\', NULL, NULL, NULL, NULL, NULL, NULL, NULL, NULL, NULL, NULL, NULL, NULL, NULL, \'1\', \'2026-05-08 12:15:47\', \'2026-05-08 12:15:47\')', 0)
 2 SYSTEMPATH\Database\BaseConnection.php(910): CodeIgniter\Database\MySQLi\Connection->execute('INSERT INTO `bookings` (`awb_no`, `company_id`, `booking_date`, `origin`, `destination`, `mode_transport`, `material_type`, `material_details`, `material_category`, `driver_name`, `driver_mobile`, `vehicle_no`, `total_pieces`, `flight_number`, `airlines`, `created_by`, `created_at`, `updated_at`) VALUES (\'15112345672\', \'2\', NULL, NULL, NULL, NULL, NULL, NULL, NULL, NULL, NULL, NULL, NULL, NULL, NULL, \'1\', \'2026-05-08 12:15:47\', \'2026-05-08 12:15:47\')')
 3 SYSTEMPATH\Database\BaseConnection.php(827): CodeIgniter\Database\BaseConnection->simpleQuery('INSERT INTO `bookings` (`awb_no`, `company_id`, `booking_date`, `origin`, `destination`, `mode_transport`, `material_type`, `material_details`, `material_category`, `driver_name`, `driver_mobile`, `vehicle_no`, `total_pieces`, `flight_number`, `airlines`, `created_by`, `created_at`, `updated_at`) VALUES (\'15112345672\', \'2\', NULL, NULL, NULL, NULL, NULL, NULL, NULL, NULL, NULL, NULL, NULL, NULL, NULL, \'1\', \'2026-05-08 12:15:47\', \'2026-05-08 12:15:47\')')
 4 SYSTEMPATH\Database\BaseBuilder.php(2345): CodeIgniter\Database\BaseConnection->query('INSERT INTO `bookings` (`awb_no`, `company_id`, `booking_date`, `origin`, `destination`, `mode_transport`, `material_type`, `material_details`, `material_category`, `driver_name`, `driver_mobile`, `vehicle_no`, `total_pieces`, `flight_number`, `airlines`, `created_by`, `created_at`, `updated_at`) VALUES (:awb_no:, :company_id:, :booking_date:, :origin:, :destination:, :mode_transport:, :material_type:, :material_details:, :material_category:, :driver_name:, :driver_mobile:, :vehicle_no:, :total_pieces:, :flight_number:, :airlines:, :created_by:, :created_at:, :updated_at:)', [...], false)
 5 SYSTEMPATH\Model.php(355): CodeIgniter\Database\BaseBuilder->insert()
 6 SYSTEMPATH\BaseModel.php(899): CodeIgniter\Model->doInsert([...])
 7 SYSTEMPATH\Model.php(668): CodeIgniter\BaseModel->insert([...], true)
 8 APPPATH\Controllers\Logistics.php(84): CodeIgniter\Model->insert([...])
 9 SYSTEMPATH\CodeIgniter.php(951): App\Controllers\Logistics->store()
10 SYSTEMPATH\CodeIgniter.php(497): CodeIgniter\CodeIgniter->runController(Object(App\Controllers\Logistics))
11 SYSTEMPATH\CodeIgniter.php(340): CodeIgniter\CodeIgniter->handleRequest(null, Object(Config\Cache), false)
12 SYSTEMPATH\Boot.php(417): CodeIgniter\CodeIgniter->run()
13 SYSTEMPATH\Boot.php(68): CodeIgniter\Boot::runCodeIgniter(Object(CodeIgniter\CodeIgniter))
14 FCPATH\index.php(59): CodeIgniter\Boot::bootWeb(Object(Config\Paths))
15 SYSTEMPATH\rewrite.php(44): require_once('C:\\xampp\\htdocs\\malogistics\\malogistics1\\public\\index.php')
CRITICAL - 2026-05-08 12:15:47 --> CodeIgniter\Database\Exceptions\DatabaseException: Unknown column 'updated_at' in 'field list'
[Method: POST, Route: logistics/store]
in SYSTEMPATH\Database\BaseConnection.php on line 865.
 1 SYSTEMPATH\Database\BaseBuilder.php(2345): CodeIgniter\Database\BaseConnection->query('INSERT INTO `bookings` (`awb_no`, `company_id`, `booking_date`, `origin`, `destination`, `mode_transport`, `material_type`, `material_details`, `material_category`, `driver_name`, `driver_mobile`, `vehicle_no`, `total_pieces`, `flight_number`, `airlines`, `created_by`, `created_at`, `updated_at`) VALUES (:awb_no:, :company_id:, :booking_date:, :origin:, :destination:, :mode_transport:, :material_type:, :material_details:, :material_category:, :driver_name:, :driver_mobile:, :vehicle_no:, :total_pieces:, :flight_number:, :airlines:, :created_by:, :created_at:, :updated_at:)', [...], false)
 2 SYSTEMPATH\Model.php(355): CodeIgniter\Database\BaseBuilder->insert()
 3 SYSTEMPATH\BaseModel.php(899): CodeIgniter\Model->doInsert([...])
 4 SYSTEMPATH\Model.php(668): CodeIgniter\BaseModel->insert([...], true)
 5 APPPATH\Controllers\Logistics.php(84): CodeIgniter\Model->insert([...])
 6 SYSTEMPATH\CodeIgniter.php(951): App\Controllers\Logistics->store()
 7 SYSTEMPATH\CodeIgniter.php(497): CodeIgniter\CodeIgniter->runController(Object(App\Controllers\Logistics))
 8 SYSTEMPATH\CodeIgniter.php(340): CodeIgniter\CodeIgniter->handleRequest(null, Object(Config\Cache), false)
 9 SYSTEMPATH\Boot.php(417): CodeIgniter\CodeIgniter->run()
10 SYSTEMPATH\Boot.php(68): CodeIgniter\Boot::runCodeIgniter(Object(CodeIgniter\CodeIgniter))
11 FCPATH\index.php(59): CodeIgniter\Boot::bootWeb(Object(Config\Paths))
12 SYSTEMPATH\rewrite.php(44): require_once('C:\\xampp\\htdocs\\malogistics\\malogistics1\\public\\index.php')
CRITICAL - 2026-05-08 12:15:47 --> [Caused by] CodeIgniter\Database\Exceptions\DatabaseException: Unknown column 'updated_at' in 'field list'
in SYSTEMPATH\Database\MySQLi\Connection.php on line 310.
 1 SYSTEMPATH\Database\BaseConnection.php(910): CodeIgniter\Database\MySQLi\Connection->execute('INSERT INTO `bookings` (`awb_no`, `company_id`, `booking_date`, `origin`, `destination`, `mode_transport`, `material_type`, `material_details`, `material_category`, `driver_name`, `driver_mobile`, `vehicle_no`, `total_pieces`, `flight_number`, `airlines`, `created_by`, `created_at`, `updated_at`) VALUES (\'15112345672\', \'2\', NULL, NULL, NULL, NULL, NULL, NULL, NULL, NULL, NULL, NULL, NULL, NULL, NULL, \'1\', \'2026-05-08 12:15:47\', \'2026-05-08 12:15:47\')')
 2 SYSTEMPATH\Database\BaseConnection.php(827): CodeIgniter\Database\BaseConnection->simpleQuery('INSERT INTO `bookings` (`awb_no`, `company_id`, `booking_date`, `origin`, `destination`, `mode_transport`, `material_type`, `material_details`, `material_category`, `driver_name`, `driver_mobile`, `vehicle_no`, `total_pieces`, `flight_number`, `airlines`, `created_by`, `created_at`, `updated_at`) VALUES (\'15112345672\', \'2\', NULL, NULL, NULL, NULL, NULL, NULL, NULL, NULL, NULL, NULL, NULL, NULL, NULL, \'1\', \'2026-05-08 12:15:47\', \'2026-05-08 12:15:47\')')
 3 SYSTEMPATH\Database\BaseBuilder.php(2345): CodeIgniter\Database\BaseConnection->query('INSERT INTO `bookings` (`awb_no`, `company_id`, `booking_date`, `origin`, `destination`, `mode_transport`, `material_type`, `material_details`, `material_category`, `driver_name`, `driver_mobile`, `vehicle_no`, `total_pieces`, `flight_number`, `airlines`, `created_by`, `created_at`, `updated_at`) VALUES (:awb_no:, :company_id:, :booking_date:, :origin:, :destination:, :mode_transport:, :material_type:, :material_details:, :material_category:, :driver_name:, :driver_mobile:, :vehicle_no:, :total_pieces:, :flight_number:, :airlines:, :created_by:, :created_at:, :updated_at:)', [...], false)
 4 SYSTEMPATH\Model.php(355): CodeIgniter\Database\BaseBuilder->insert()
 5 SYSTEMPATH\BaseModel.php(899): CodeIgniter\Model->doInsert([...])
 6 SYSTEMPATH\Model.php(668): CodeIgniter\BaseModel->insert([...], true)
 7 APPPATH\Controllers\Logistics.php(84): CodeIgniter\Model->insert([...])
 8 SYSTEMPATH\CodeIgniter.php(951): App\Controllers\Logistics->store()
 9 SYSTEMPATH\CodeIgniter.php(497): CodeIgniter\CodeIgniter->runController(Object(App\Controllers\Logistics))
10 SYSTEMPATH\CodeIgniter.php(340): CodeIgniter\CodeIgniter->handleRequest(null, Object(Config\Cache), false)
11 SYSTEMPATH\Boot.php(417): CodeIgniter\CodeIgniter->run()
12 SYSTEMPATH\Boot.php(68): CodeIgniter\Boot::runCodeIgniter(Object(CodeIgniter\CodeIgniter))
13 FCPATH\index.php(59): CodeIgniter\Boot::bootWeb(Object(Config\Paths))
14 SYSTEMPATH\rewrite.php(44): require_once('C:\\xampp\\htdocs\\malogistics\\malogistics1\\public\\index.php')
CRITICAL - 2026-05-08 12:15:47 --> [Caused by] mysqli_sql_exception: Unknown column 'updated_at' in 'field list'
in SYSTEMPATH\Database\MySQLi\Connection.php on line 300.
 1 SYSTEMPATH\Database\MySQLi\Connection.php(300): mysqli->query('INSERT INTO `bookings` (`awb_no`, `company_id`, `booking_date`, `origin`, `destination`, `mode_transport`, `material_type`, `material_details`, `material_category`, `driver_name`, `driver_mobile`, `vehicle_no`, `total_pieces`, `flight_number`, `airlines`, `created_by`, `created_at`, `updated_at`) VALUES (\'15112345672\', \'2\', NULL, NULL, NULL, NULL, NULL, NULL, NULL, NULL, NULL, NULL, NULL, NULL, NULL, \'1\', \'2026-05-08 12:15:47\', \'2026-05-08 12:15:47\')', 0)
 2 SYSTEMPATH\Database\BaseConnection.php(910): CodeIgniter\Database\MySQLi\Connection->execute('INSERT INTO `bookings` (`awb_no`, `company_id`, `booking_date`, `origin`, `destination`, `mode_transport`, `material_type`, `material_details`, `material_category`, `driver_name`, `driver_mobile`, `vehicle_no`, `total_pieces`, `flight_number`, `airlines`, `created_by`, `created_at`, `updated_at`) VALUES (\'15112345672\', \'2\', NULL, NULL, NULL, NULL, NULL, NULL, NULL, NULL, NULL, NULL, NULL, NULL, NULL, \'1\', \'2026-05-08 12:15:47\', \'2026-05-08 12:15:47\')')
 3 SYSTEMPATH\Database\BaseConnection.php(827): CodeIgniter\Database\BaseConnection->simpleQuery('INSERT INTO `bookings` (`awb_no`, `company_id`, `booking_date`, `origin`, `destination`, `mode_transport`, `material_type`, `material_details`, `material_category`, `driver_name`, `driver_mobile`, `vehicle_no`, `total_pieces`, `flight_number`, `airlines`, `created_by`, `created_at`, `updated_at`) VALUES (\'15112345672\', \'2\', NULL, NULL, NULL, NULL, NULL, NULL, NULL, NULL, NULL, NULL, NULL, NULL, NULL, \'1\', \'2026-05-08 12:15:47\', \'2026-05-08 12:15:47\')')
 4 SYSTEMPATH\Database\BaseBuilder.php(2345): CodeIgniter\Database\BaseConnection->query('INSERT INTO `bookings` (`awb_no`, `company_id`, `booking_date`, `origin`, `destination`, `mode_transport`, `material_type`, `material_details`, `material_category`, `driver_name`, `driver_mobile`, `vehicle_no`, `total_pieces`, `flight_number`, `airlines`, `created_by`, `created_at`, `updated_at`) VALUES (:awb_no:, :company_id:, :booking_date:, :origin:, :destination:, :mode_transport:, :material_type:, :material_details:, :material_category:, :driver_name:, :driver_mobile:, :vehicle_no:, :total_pieces:, :flight_number:, :airlines:, :created_by:, :created_at:, :updated_at:)', [...], false)
 5 SYSTEMPATH\Model.php(355): CodeIgniter\Database\BaseBuilder->insert()
 6 SYSTEMPATH\BaseModel.php(899): CodeIgniter\Model->doInsert([...])
 7 SYSTEMPATH\Model.php(668): CodeIgniter\BaseModel->insert([...], true)
 8 APPPATH\Controllers\Logistics.php(84): CodeIgniter\Model->insert([...])
 9 SYSTEMPATH\CodeIgniter.php(951): App\Controllers\Logistics->store()
10 SYSTEMPATH\CodeIgniter.php(497): CodeIgniter\CodeIgniter->runController(Object(App\Controllers\Logistics))
11 SYSTEMPATH\CodeIgniter.php(340): CodeIgniter\CodeIgniter->handleRequest(null, Object(Config\Cache), false)
12 SYSTEMPATH\Boot.php(417): CodeIgniter\CodeIgniter->run()
13 SYSTEMPATH\Boot.php(68): CodeIgniter\Boot::runCodeIgniter(Object(CodeIgniter\CodeIgniter))
14 FCPATH\index.php(59): CodeIgniter\Boot::bootWeb(Object(Config\Paths))
15 SYSTEMPATH\rewrite.php(44): require_once('C:\\xampp\\htdocs\\malogistics\\malogistics1\\public\\index.php')
ERROR - 2026-05-08 12:38:27 --> Column 'booking_date' cannot be null
in SYSTEMPATH\Database\MySQLi\Connection.php on line 300.
 1 SYSTEMPATH\Database\MySQLi\Connection.php(300): mysqli->query('INSERT INTO `bookings` (`awb_no`, `company_id`, `booking_date`, `origin`, `destination`, `mode_transport`, `material_type`, `material_details`, `material_category`, `driver_name`, `driver_mobile`, `vehicle_no`, `total_pieces`, `flight_number`, `airlines`, `created_by`, `created_at`, `updated_at`) VALUES (\'15112345672\', \'2\', NULL, NULL, NULL, NULL, NULL, NULL, NULL, NULL, NULL, NULL, NULL, NULL, NULL, \'1\', \'2026-05-08 12:38:27\', \'2026-05-08 12:38:27\')', 0)
 2 SYSTEMPATH\Database\BaseConnection.php(910): CodeIgniter\Database\MySQLi\Connection->execute('INSERT INTO `bookings` (`awb_no`, `company_id`, `booking_date`, `origin`, `destination`, `mode_transport`, `material_type`, `material_details`, `material_category`, `driver_name`, `driver_mobile`, `vehicle_no`, `total_pieces`, `flight_number`, `airlines`, `created_by`, `created_at`, `updated_at`) VALUES (\'15112345672\', \'2\', NULL, NULL, NULL, NULL, NULL, NULL, NULL, NULL, NULL, NULL, NULL, NULL, NULL, \'1\', \'2026-05-08 12:38:27\', \'2026-05-08 12:38:27\')')
 3 SYSTEMPATH\Database\BaseConnection.php(827): CodeIgniter\Database\BaseConnection->simpleQuery('INSERT INTO `bookings` (`awb_no`, `company_id`, `booking_date`, `origin`, `destination`, `mode_transport`, `material_type`, `material_details`, `material_category`, `driver_name`, `driver_mobile`, `vehicle_no`, `total_pieces`, `flight_number`, `airlines`, `created_by`, `created_at`, `updated_at`) VALUES (\'15112345672\', \'2\', NULL, NULL, NULL, NULL, NULL, NULL, NULL, NULL, NULL, NULL, NULL, NULL, NULL, \'1\', \'2026-05-08 12:38:27\', \'2026-05-08 12:38:27\')')
 4 SYSTEMPATH\Database\BaseBuilder.php(2345): CodeIgniter\Database\BaseConnection->query('INSERT INTO `bookings` (`awb_no`, `company_id`, `booking_date`, `origin`, `destination`, `mode_transport`, `material_type`, `material_details`, `material_category`, `driver_name`, `driver_mobile`, `vehicle_no`, `total_pieces`, `flight_number`, `airlines`, `created_by`, `created_at`, `updated_at`) VALUES (:awb_no:, :company_id:, :booking_date:, :origin:, :destination:, :mode_transport:, :material_type:, :material_details:, :material_category:, :driver_name:, :driver_mobile:, :vehicle_no:, :total_pieces:, :flight_number:, :airlines:, :created_by:, :created_at:, :updated_at:)', [...], false)
 5 SYSTEMPATH\Model.php(355): CodeIgniter\Database\BaseBuilder->insert()
 6 SYSTEMPATH\BaseModel.php(899): CodeIgniter\Model->doInsert([...])
 7 SYSTEMPATH\Model.php(668): CodeIgniter\BaseModel->insert([...], true)
 8 APPPATH\Controllers\Logistics.php(84): CodeIgniter\Model->insert([...])
 9 SYSTEMPATH\CodeIgniter.php(951): App\Controllers\Logistics->store()
10 SYSTEMPATH\CodeIgniter.php(497): CodeIgniter\CodeIgniter->runController(Object(App\Controllers\Logistics))
11 SYSTEMPATH\CodeIgniter.php(340): CodeIgniter\CodeIgniter->handleRequest(null, Object(Config\Cache), false)
12 SYSTEMPATH\Boot.php(417): CodeIgniter\CodeIgniter->run()
13 SYSTEMPATH\Boot.php(68): CodeIgniter\Boot::runCodeIgniter(Object(CodeIgniter\CodeIgniter))
14 FCPATH\index.php(59): CodeIgniter\Boot::bootWeb(Object(Config\Paths))
15 SYSTEMPATH\rewrite.php(44): require_once('C:\\xampp\\htdocs\\malogistics\\malogistics1\\public\\index.php')
CRITICAL - 2026-05-08 12:38:27 --> CodeIgniter\Database\Exceptions\DatabaseException: Column 'booking_date' cannot be null
[Method: POST, Route: logistics/store]
in SYSTEMPATH\Database\BaseConnection.php on line 865.
 1 SYSTEMPATH\Database\BaseBuilder.php(2345): CodeIgniter\Database\BaseConnection->query('INSERT INTO `bookings` (`awb_no`, `company_id`, `booking_date`, `origin`, `destination`, `mode_transport`, `material_type`, `material_details`, `material_category`, `driver_name`, `driver_mobile`, `vehicle_no`, `total_pieces`, `flight_number`, `airlines`, `created_by`, `created_at`, `updated_at`) VALUES (:awb_no:, :company_id:, :booking_date:, :origin:, :destination:, :mode_transport:, :material_type:, :material_details:, :material_category:, :driver_name:, :driver_mobile:, :vehicle_no:, :total_pieces:, :flight_number:, :airlines:, :created_by:, :created_at:, :updated_at:)', [...], false)
 2 SYSTEMPATH\Model.php(355): CodeIgniter\Database\BaseBuilder->insert()
 3 SYSTEMPATH\BaseModel.php(899): CodeIgniter\Model->doInsert([...])
 4 SYSTEMPATH\Model.php(668): CodeIgniter\BaseModel->insert([...], true)
 5 APPPATH\Controllers\Logistics.php(84): CodeIgniter\Model->insert([...])
 6 SYSTEMPATH\CodeIgniter.php(951): App\Controllers\Logistics->store()
 7 SYSTEMPATH\CodeIgniter.php(497): CodeIgniter\CodeIgniter->runController(Object(App\Controllers\Logistics))
 8 SYSTEMPATH\CodeIgniter.php(340): CodeIgniter\CodeIgniter->handleRequest(null, Object(Config\Cache), false)
 9 SYSTEMPATH\Boot.php(417): CodeIgniter\CodeIgniter->run()
10 SYSTEMPATH\Boot.php(68): CodeIgniter\Boot::runCodeIgniter(Object(CodeIgniter\CodeIgniter))
11 FCPATH\index.php(59): CodeIgniter\Boot::bootWeb(Object(Config\Paths))
12 SYSTEMPATH\rewrite.php(44): require_once('C:\\xampp\\htdocs\\malogistics\\malogistics1\\public\\index.php')
CRITICAL - 2026-05-08 12:38:27 --> [Caused by] CodeIgniter\Database\Exceptions\DatabaseException: Column 'booking_date' cannot be null
in SYSTEMPATH\Database\MySQLi\Connection.php on line 310.
 1 SYSTEMPATH\Database\BaseConnection.php(910): CodeIgniter\Database\MySQLi\Connection->execute('INSERT INTO `bookings` (`awb_no`, `company_id`, `booking_date`, `origin`, `destination`, `mode_transport`, `material_type`, `material_details`, `material_category`, `driver_name`, `driver_mobile`, `vehicle_no`, `total_pieces`, `flight_number`, `airlines`, `created_by`, `created_at`, `updated_at`) VALUES (\'15112345672\', \'2\', NULL, NULL, NULL, NULL, NULL, NULL, NULL, NULL, NULL, NULL, NULL, NULL, NULL, \'1\', \'2026-05-08 12:38:27\', \'2026-05-08 12:38:27\')')
 2 SYSTEMPATH\Database\BaseConnection.php(827): CodeIgniter\Database\BaseConnection->simpleQuery('INSERT INTO `bookings` (`awb_no`, `company_id`, `booking_date`, `origin`, `destination`, `mode_transport`, `material_type`, `material_details`, `material_category`, `driver_name`, `driver_mobile`, `vehicle_no`, `total_pieces`, `flight_number`, `airlines`, `created_by`, `created_at`, `updated_at`) VALUES (\'15112345672\', \'2\', NULL, NULL, NULL, NULL, NULL, NULL, NULL, NULL, NULL, NULL, NULL, NULL, NULL, \'1\', \'2026-05-08 12:38:27\', \'2026-05-08 12:38:27\')')
 3 SYSTEMPATH\Database\BaseBuilder.php(2345): CodeIgniter\Database\BaseConnection->query('INSERT INTO `bookings` (`awb_no`, `company_id`, `booking_date`, `origin`, `destination`, `mode_transport`, `material_type`, `material_details`, `material_category`, `driver_name`, `driver_mobile`, `vehicle_no`, `total_pieces`, `flight_number`, `airlines`, `created_by`, `created_at`, `updated_at`) VALUES (:awb_no:, :company_id:, :booking_date:, :origin:, :destination:, :mode_transport:, :material_type:, :material_details:, :material_category:, :driver_name:, :driver_mobile:, :vehicle_no:, :total_pieces:, :flight_number:, :airlines:, :created_by:, :created_at:, :updated_at:)', [...], false)
 4 SYSTEMPATH\Model.php(355): CodeIgniter\Database\BaseBuilder->insert()
 5 SYSTEMPATH\BaseModel.php(899): CodeIgniter\Model->doInsert([...])
 6 SYSTEMPATH\Model.php(668): CodeIgniter\BaseModel->insert([...], true)
 7 APPPATH\Controllers\Logistics.php(84): CodeIgniter\Model->insert([...])
 8 SYSTEMPATH\CodeIgniter.php(951): App\Controllers\Logistics->store()
 9 SYSTEMPATH\CodeIgniter.php(497): CodeIgniter\CodeIgniter->runController(Object(App\Controllers\Logistics))
10 SYSTEMPATH\CodeIgniter.php(340): CodeIgniter\CodeIgniter->handleRequest(null, Object(Config\Cache), false)
11 SYSTEMPATH\Boot.php(417): CodeIgniter\CodeIgniter->run()
12 SYSTEMPATH\Boot.php(68): CodeIgniter\Boot::runCodeIgniter(Object(CodeIgniter\CodeIgniter))
13 FCPATH\index.php(59): CodeIgniter\Boot::bootWeb(Object(Config\Paths))
14 SYSTEMPATH\rewrite.php(44): require_once('C:\\xampp\\htdocs\\malogistics\\malogistics1\\public\\index.php')
CRITICAL - 2026-05-08 12:38:27 --> [Caused by] mysqli_sql_exception: Column 'booking_date' cannot be null
in SYSTEMPATH\Database\MySQLi\Connection.php on line 300.
 1 SYSTEMPATH\Database\MySQLi\Connection.php(300): mysqli->query('INSERT INTO `bookings` (`awb_no`, `company_id`, `booking_date`, `origin`, `destination`, `mode_transport`, `material_type`, `material_details`, `material_category`, `driver_name`, `driver_mobile`, `vehicle_no`, `total_pieces`, `flight_number`, `airlines`, `created_by`, `created_at`, `updated_at`) VALUES (\'15112345672\', \'2\', NULL, NULL, NULL, NULL, NULL, NULL, NULL, NULL, NULL, NULL, NULL, NULL, NULL, \'1\', \'2026-05-08 12:38:27\', \'2026-05-08 12:38:27\')', 0)
 2 SYSTEMPATH\Database\BaseConnection.php(910): CodeIgniter\Database\MySQLi\Connection->execute('INSERT INTO `bookings` (`awb_no`, `company_id`, `booking_date`, `origin`, `destination`, `mode_transport`, `material_type`, `material_details`, `material_category`, `driver_name`, `driver_mobile`, `vehicle_no`, `total_pieces`, `flight_number`, `airlines`, `created_by`, `created_at`, `updated_at`) VALUES (\'15112345672\', \'2\', NULL, NULL, NULL, NULL, NULL, NULL, NULL, NULL, NULL, NULL, NULL, NULL, NULL, \'1\', \'2026-05-08 12:38:27\', \'2026-05-08 12:38:27\')')
 3 SYSTEMPATH\Database\BaseConnection.php(827): CodeIgniter\Database\BaseConnection->simpleQuery('INSERT INTO `bookings` (`awb_no`, `company_id`, `booking_date`, `origin`, `destination`, `mode_transport`, `material_type`, `material_details`, `material_category`, `driver_name`, `driver_mobile`, `vehicle_no`, `total_pieces`, `flight_number`, `airlines`, `created_by`, `created_at`, `updated_at`) VALUES (\'15112345672\', \'2\', NULL, NULL, NULL, NULL, NULL, NULL, NULL, NULL, NULL, NULL, NULL, NULL, NULL, \'1\', \'2026-05-08 12:38:27\', \'2026-05-08 12:38:27\')')
 4 SYSTEMPATH\Database\BaseBuilder.php(2345): CodeIgniter\Database\BaseConnection->query('INSERT INTO `bookings` (`awb_no`, `company_id`, `booking_date`, `origin`, `destination`, `mode_transport`, `material_type`, `material_details`, `material_category`, `driver_name`, `driver_mobile`, `vehicle_no`, `total_pieces`, `flight_number`, `airlines`, `created_by`, `created_at`, `updated_at`) VALUES (:awb_no:, :company_id:, :booking_date:, :origin:, :destination:, :mode_transport:, :material_type:, :material_details:, :material_category:, :driver_name:, :driver_mobile:, :vehicle_no:, :total_pieces:, :flight_number:, :airlines:, :created_by:, :created_at:, :updated_at:)', [...], false)
 5 SYSTEMPATH\Model.php(355): CodeIgniter\Database\BaseBuilder->insert()
 6 SYSTEMPATH\BaseModel.php(899): CodeIgniter\Model->doInsert([...])
 7 SYSTEMPATH\Model.php(668): CodeIgniter\BaseModel->insert([...], true)
 8 APPPATH\Controllers\Logistics.php(84): CodeIgniter\Model->insert([...])
 9 SYSTEMPATH\CodeIgniter.php(951): App\Controllers\Logistics->store()
10 SYSTEMPATH\CodeIgniter.php(497): CodeIgniter\CodeIgniter->runController(Object(App\Controllers\Logistics))
11 SYSTEMPATH\CodeIgniter.php(340): CodeIgniter\CodeIgniter->handleRequest(null, Object(Config\Cache), false)
12 SYSTEMPATH\Boot.php(417): CodeIgniter\CodeIgniter->run()
13 SYSTEMPATH\Boot.php(68): CodeIgniter\Boot::runCodeIgniter(Object(CodeIgniter\CodeIgniter))
14 FCPATH\index.php(59): CodeIgniter\Boot::bootWeb(Object(Config\Paths))
15 SYSTEMPATH\rewrite.php(44): require_once('C:\\xampp\\htdocs\\malogistics\\malogistics1\\public\\index.php')
ERROR - 2026-05-08 12:42:04 --> Column 'booking_date' cannot be null
in SYSTEMPATH\Database\MySQLi\Connection.php on line 300.
 1 SYSTEMPATH\Database\MySQLi\Connection.php(300): mysqli->query('INSERT INTO `bookings` (`awb_no`, `company_id`, `booking_date`, `origin`, `destination`, `mode_transport`, `material_type`, `material_details`, `material_category`, `driver_name`, `driver_mobile`, `vehicle_no`, `total_pieces`, `flight_number`, `airlines`, `created_by`, `created_at`, `updated_at`) VALUES (\'15112345672\', \'1\', NULL, NULL, NULL, NULL, NULL, NULL, NULL, NULL, NULL, NULL, NULL, NULL, NULL, \'1\', \'2026-05-08 12:42:04\', \'2026-05-08 12:42:04\')', 0)
 2 SYSTEMPATH\Database\BaseConnection.php(910): CodeIgniter\Database\MySQLi\Connection->execute('INSERT INTO `bookings` (`awb_no`, `company_id`, `booking_date`, `origin`, `destination`, `mode_transport`, `material_type`, `material_details`, `material_category`, `driver_name`, `driver_mobile`, `vehicle_no`, `total_pieces`, `flight_number`, `airlines`, `created_by`, `created_at`, `updated_at`) VALUES (\'15112345672\', \'1\', NULL, NULL, NULL, NULL, NULL, NULL, NULL, NULL, NULL, NULL, NULL, NULL, NULL, \'1\', \'2026-05-08 12:42:04\', \'2026-05-08 12:42:04\')')
 3 SYSTEMPATH\Database\BaseConnection.php(827): CodeIgniter\Database\BaseConnection->simpleQuery('INSERT INTO `bookings` (`awb_no`, `company_id`, `booking_date`, `origin`, `destination`, `mode_transport`, `material_type`, `material_details`, `material_category`, `driver_name`, `driver_mobile`, `vehicle_no`, `total_pieces`, `flight_number`, `airlines`, `created_by`, `created_at`, `updated_at`) VALUES (\'15112345672\', \'1\', NULL, NULL, NULL, NULL, NULL, NULL, NULL, NULL, NULL, NULL, NULL, NULL, NULL, \'1\', \'2026-05-08 12:42:04\', \'2026-05-08 12:42:04\')')
 4 SYSTEMPATH\Database\BaseBuilder.php(2345): CodeIgniter\Database\BaseConnection->query('INSERT INTO `bookings` (`awb_no`, `company_id`, `booking_date`, `origin`, `destination`, `mode_transport`, `material_type`, `material_details`, `material_category`, `driver_name`, `driver_mobile`, `vehicle_no`, `total_pieces`, `flight_number`, `airlines`, `created_by`, `created_at`, `updated_at`) VALUES (:awb_no:, :company_id:, :booking_date:, :origin:, :destination:, :mode_transport:, :material_type:, :material_details:, :material_category:, :driver_name:, :driver_mobile:, :vehicle_no:, :total_pieces:, :flight_number:, :airlines:, :created_by:, :created_at:, :updated_at:)', [...], false)
 5 SYSTEMPATH\Model.php(355): CodeIgniter\Database\BaseBuilder->insert()
 6 SYSTEMPATH\BaseModel.php(899): CodeIgniter\Model->doInsert([...])
 7 SYSTEMPATH\Model.php(668): CodeIgniter\BaseModel->insert([...], true)
 8 APPPATH\Controllers\Logistics.php(84): CodeIgniter\Model->insert([...])
 9 SYSTEMPATH\CodeIgniter.php(951): App\Controllers\Logistics->store()
10 SYSTEMPATH\CodeIgniter.php(497): CodeIgniter\CodeIgniter->runController(Object(App\Controllers\Logistics))
11 SYSTEMPATH\CodeIgniter.php(340): CodeIgniter\CodeIgniter->handleRequest(null, Object(Config\Cache), false)
12 SYSTEMPATH\Boot.php(417): CodeIgniter\CodeIgniter->run()
13 SYSTEMPATH\Boot.php(68): CodeIgniter\Boot::runCodeIgniter(Object(CodeIgniter\CodeIgniter))
14 FCPATH\index.php(59): CodeIgniter\Boot::bootWeb(Object(Config\Paths))
15 SYSTEMPATH\rewrite.php(44): require_once('C:\\xampp\\htdocs\\malogistics\\malogistics1\\public\\index.php')
CRITICAL - 2026-05-08 12:42:04 --> CodeIgniter\Database\Exceptions\DatabaseException: Column 'booking_date' cannot be null
[Method: POST, Route: logistics/store]
in SYSTEMPATH\Database\BaseConnection.php on line 865.
 1 SYSTEMPATH\Database\BaseBuilder.php(2345): CodeIgniter\Database\BaseConnection->query('INSERT INTO `bookings` (`awb_no`, `company_id`, `booking_date`, `origin`, `destination`, `mode_transport`, `material_type`, `material_details`, `material_category`, `driver_name`, `driver_mobile`, `vehicle_no`, `total_pieces`, `flight_number`, `airlines`, `created_by`, `created_at`, `updated_at`) VALUES (:awb_no:, :company_id:, :booking_date:, :origin:, :destination:, :mode_transport:, :material_type:, :material_details:, :material_category:, :driver_name:, :driver_mobile:, :vehicle_no:, :total_pieces:, :flight_number:, :airlines:, :created_by:, :created_at:, :updated_at:)', [...], false)
 2 SYSTEMPATH\Model.php(355): CodeIgniter\Database\BaseBuilder->insert()
 3 SYSTEMPATH\BaseModel.php(899): CodeIgniter\Model->doInsert([...])
 4 SYSTEMPATH\Model.php(668): CodeIgniter\BaseModel->insert([...], true)
 5 APPPATH\Controllers\Logistics.php(84): CodeIgniter\Model->insert([...])
 6 SYSTEMPATH\CodeIgniter.php(951): App\Controllers\Logistics->store()
 7 SYSTEMPATH\CodeIgniter.php(497): CodeIgniter\CodeIgniter->runController(Object(App\Controllers\Logistics))
 8 SYSTEMPATH\CodeIgniter.php(340): CodeIgniter\CodeIgniter->handleRequest(null, Object(Config\Cache), false)
 9 SYSTEMPATH\Boot.php(417): CodeIgniter\CodeIgniter->run()
10 SYSTEMPATH\Boot.php(68): CodeIgniter\Boot::runCodeIgniter(Object(CodeIgniter\CodeIgniter))
11 FCPATH\index.php(59): CodeIgniter\Boot::bootWeb(Object(Config\Paths))
12 SYSTEMPATH\rewrite.php(44): require_once('C:\\xampp\\htdocs\\malogistics\\malogistics1\\public\\index.php')
CRITICAL - 2026-05-08 12:42:04 --> [Caused by] CodeIgniter\Database\Exceptions\DatabaseException: Column 'booking_date' cannot be null
in SYSTEMPATH\Database\MySQLi\Connection.php on line 310.
 1 SYSTEMPATH\Database\BaseConnection.php(910): CodeIgniter\Database\MySQLi\Connection->execute('INSERT INTO `bookings` (`awb_no`, `company_id`, `booking_date`, `origin`, `destination`, `mode_transport`, `material_type`, `material_details`, `material_category`, `driver_name`, `driver_mobile`, `vehicle_no`, `total_pieces`, `flight_number`, `airlines`, `created_by`, `created_at`, `updated_at`) VALUES (\'15112345672\', \'1\', NULL, NULL, NULL, NULL, NULL, NULL, NULL, NULL, NULL, NULL, NULL, NULL, NULL, \'1\', \'2026-05-08 12:42:04\', \'2026-05-08 12:42:04\')')
 2 SYSTEMPATH\Database\BaseConnection.php(827): CodeIgniter\Database\BaseConnection->simpleQuery('INSERT INTO `bookings` (`awb_no`, `company_id`, `booking_date`, `origin`, `destination`, `mode_transport`, `material_type`, `material_details`, `material_category`, `driver_name`, `driver_mobile`, `vehicle_no`, `total_pieces`, `flight_number`, `airlines`, `created_by`, `created_at`, `updated_at`) VALUES (\'15112345672\', \'1\', NULL, NULL, NULL, NULL, NULL, NULL, NULL, NULL, NULL, NULL, NULL, NULL, NULL, \'1\', \'2026-05-08 12:42:04\', \'2026-05-08 12:42:04\')')
 3 SYSTEMPATH\Database\BaseBuilder.php(2345): CodeIgniter\Database\BaseConnection->query('INSERT INTO `bookings` (`awb_no`, `company_id`, `booking_date`, `origin`, `destination`, `mode_transport`, `material_type`, `material_details`, `material_category`, `driver_name`, `driver_mobile`, `vehicle_no`, `total_pieces`, `flight_number`, `airlines`, `created_by`, `created_at`, `updated_at`) VALUES (:awb_no:, :company_id:, :booking_date:, :origin:, :destination:, :mode_transport:, :material_type:, :material_details:, :material_category:, :driver_name:, :driver_mobile:, :vehicle_no:, :total_pieces:, :flight_number:, :airlines:, :created_by:, :created_at:, :updated_at:)', [...], false)
 4 SYSTEMPATH\Model.php(355): CodeIgniter\Database\BaseBuilder->insert()
 5 SYSTEMPATH\BaseModel.php(899): CodeIgniter\Model->doInsert([...])
 6 SYSTEMPATH\Model.php(668): CodeIgniter\BaseModel->insert([...], true)
 7 APPPATH\Controllers\Logistics.php(84): CodeIgniter\Model->insert([...])
 8 SYSTEMPATH\CodeIgniter.php(951): App\Controllers\Logistics->store()
 9 SYSTEMPATH\CodeIgniter.php(497): CodeIgniter\CodeIgniter->runController(Object(App\Controllers\Logistics))
10 SYSTEMPATH\CodeIgniter.php(340): CodeIgniter\CodeIgniter->handleRequest(null, Object(Config\Cache), false)
11 SYSTEMPATH\Boot.php(417): CodeIgniter\CodeIgniter->run()
12 SYSTEMPATH\Boot.php(68): CodeIgniter\Boot::runCodeIgniter(Object(CodeIgniter\CodeIgniter))
13 FCPATH\index.php(59): CodeIgniter\Boot::bootWeb(Object(Config\Paths))
14 SYSTEMPATH\rewrite.php(44): require_once('C:\\xampp\\htdocs\\malogistics\\malogistics1\\public\\index.php')
CRITICAL - 2026-05-08 12:42:04 --> [Caused by] mysqli_sql_exception: Column 'booking_date' cannot be null
in SYSTEMPATH\Database\MySQLi\Connection.php on line 300.
 1 SYSTEMPATH\Database\MySQLi\Connection.php(300): mysqli->query('INSERT INTO `bookings` (`awb_no`, `company_id`, `booking_date`, `origin`, `destination`, `mode_transport`, `material_type`, `material_details`, `material_category`, `driver_name`, `driver_mobile`, `vehicle_no`, `total_pieces`, `flight_number`, `airlines`, `created_by`, `created_at`, `updated_at`) VALUES (\'15112345672\', \'1\', NULL, NULL, NULL, NULL, NULL, NULL, NULL, NULL, NULL, NULL, NULL, NULL, NULL, \'1\', \'2026-05-08 12:42:04\', \'2026-05-08 12:42:04\')', 0)
 2 SYSTEMPATH\Database\BaseConnection.php(910): CodeIgniter\Database\MySQLi\Connection->execute('INSERT INTO `bookings` (`awb_no`, `company_id`, `booking_date`, `origin`, `destination`, `mode_transport`, `material_type`, `material_details`, `material_category`, `driver_name`, `driver_mobile`, `vehicle_no`, `total_pieces`, `flight_number`, `airlines`, `created_by`, `created_at`, `updated_at`) VALUES (\'15112345672\', \'1\', NULL, NULL, NULL, NULL, NULL, NULL, NULL, NULL, NULL, NULL, NULL, NULL, NULL, \'1\', \'2026-05-08 12:42:04\', \'2026-05-08 12:42:04\')')
 3 SYSTEMPATH\Database\BaseConnection.php(827): CodeIgniter\Database\BaseConnection->simpleQuery('INSERT INTO `bookings` (`awb_no`, `company_id`, `booking_date`, `origin`, `destination`, `mode_transport`, `material_type`, `material_details`, `material_category`, `driver_name`, `driver_mobile`, `vehicle_no`, `total_pieces`, `flight_number`, `airlines`, `created_by`, `created_at`, `updated_at`) VALUES (\'15112345672\', \'1\', NULL, NULL, NULL, NULL, NULL, NULL, NULL, NULL, NULL, NULL, NULL, NULL, NULL, \'1\', \'2026-05-08 12:42:04\', \'2026-05-08 12:42:04\')')
 4 SYSTEMPATH\Database\BaseBuilder.php(2345): CodeIgniter\Database\BaseConnection->query('INSERT INTO `bookings` (`awb_no`, `company_id`, `booking_date`, `origin`, `destination`, `mode_transport`, `material_type`, `material_details`, `material_category`, `driver_name`, `driver_mobile`, `vehicle_no`, `total_pieces`, `flight_number`, `airlines`, `created_by`, `created_at`, `updated_at`) VALUES (:awb_no:, :company_id:, :booking_date:, :origin:, :destination:, :mode_transport:, :material_type:, :material_details:, :material_category:, :driver_name:, :driver_mobile:, :vehicle_no:, :total_pieces:, :flight_number:, :airlines:, :created_by:, :created_at:, :updated_at:)', [...], false)
 5 SYSTEMPATH\Model.php(355): CodeIgniter\Database\BaseBuilder->insert()
 6 SYSTEMPATH\BaseModel.php(899): CodeIgniter\Model->doInsert([...])
 7 SYSTEMPATH\Model.php(668): CodeIgniter\BaseModel->insert([...], true)
 8 APPPATH\Controllers\Logistics.php(84): CodeIgniter\Model->insert([...])
 9 SYSTEMPATH\CodeIgniter.php(951): App\Controllers\Logistics->store()
10 SYSTEMPATH\CodeIgniter.php(497): CodeIgniter\CodeIgniter->runController(Object(App\Controllers\Logistics))
11 SYSTEMPATH\CodeIgniter.php(340): CodeIgniter\CodeIgniter->handleRequest(null, Object(Config\Cache), false)
12 SYSTEMPATH\Boot.php(417): CodeIgniter\CodeIgniter->run()
13 SYSTEMPATH\Boot.php(68): CodeIgniter\Boot::runCodeIgniter(Object(CodeIgniter\CodeIgniter))
14 FCPATH\index.php(59): CodeIgniter\Boot::bootWeb(Object(Config\Paths))
15 SYSTEMPATH\rewrite.php(44): require_once('C:\\xampp\\htdocs\\malogistics\\malogistics1\\public\\index.php')
CRITICAL - 2026-05-08 13:19:00 --> CodeIgniter\View\Exceptions\ViewException: Invalid file: "logistics/search_results.php"
[Method: POST, Route: logistics/searchResult]
in SYSTEMPATH\Exceptions\FrameworkException.php on line 39.
 1 SYSTEMPATH\View\View.php(228): CodeIgniter\Exceptions\FrameworkException::forInvalidFile('logistics/search_results.php')
 2 SYSTEMPATH\Common.php(1250): CodeIgniter\View\View->render('logistics/search_results', [], true)
 3 APPPATH\Controllers\Logistics.php(44): view('logistics/search_results', [...])
 4 SYSTEMPATH\CodeIgniter.php(951): App\Controllers\Logistics->searchResult()
 5 SYSTEMPATH\CodeIgniter.php(497): CodeIgniter\CodeIgniter->runController(Object(App\Controllers\Logistics))
 6 SYSTEMPATH\CodeIgniter.php(340): CodeIgniter\CodeIgniter->handleRequest(null, Object(Config\Cache), false)
 7 SYSTEMPATH\Boot.php(417): CodeIgniter\CodeIgniter->run()
 8 SYSTEMPATH\Boot.php(68): CodeIgniter\Boot::runCodeIgniter(Object(CodeIgniter\CodeIgniter))
 9 FCPATH\index.php(59): CodeIgniter\Boot::bootWeb(Object(Config\Paths))
10 SYSTEMPATH\rewrite.php(44): require_once('C:\\xampp\\htdocs\\malogistics\\malogistics1\\public\\index.php')
CRITICAL - 2026-05-08 13:19:08 --> CodeIgniter\View\Exceptions\ViewException: Invalid file: "logistics/search_results.php"
[Method: POST, Route: logistics/searchResult]
in SYSTEMPATH\Exceptions\FrameworkException.php on line 39.
 1 SYSTEMPATH\View\View.php(228): CodeIgniter\Exceptions\FrameworkException::forInvalidFile('logistics/search_results.php')
 2 SYSTEMPATH\Common.php(1250): CodeIgniter\View\View->render('logistics/search_results', [], true)
 3 APPPATH\Controllers\Logistics.php(44): view('logistics/search_results', [...])
 4 SYSTEMPATH\CodeIgniter.php(951): App\Controllers\Logistics->searchResult()
 5 SYSTEMPATH\CodeIgniter.php(497): CodeIgniter\CodeIgniter->runController(Object(App\Controllers\Logistics))
 6 SYSTEMPATH\CodeIgniter.php(340): CodeIgniter\CodeIgniter->handleRequest(null, Object(Config\Cache), false)
 7 SYSTEMPATH\Boot.php(417): CodeIgniter\CodeIgniter->run()
 8 SYSTEMPATH\Boot.php(68): CodeIgniter\Boot::runCodeIgniter(Object(CodeIgniter\CodeIgniter))
 9 FCPATH\index.php(59): CodeIgniter\Boot::bootWeb(Object(Config\Paths))
10 SYSTEMPATH\rewrite.php(44): require_once('C:\\xampp\\htdocs\\malogistics\\malogistics1\\public\\index.php')
